fecha_anual_esp	titulo_anual_esp	expediente_icaa	confidence	reason	title_score	titulo_icaa	fecha_estreno_icaa	url
2025-05-16	091 policia al habla		no encontrado	sin candidato aceptable				
2025-06-12	117 moon		no encontrado	sin candidato aceptable				
2022-06-24	12 palabras phoenix		no encontrado	sin candidato aceptable				
2011-11-25	14 de abril macia contracompanys		no encontrado	sin candidato aceptable				
2023-03-31	19		no encontrado	sin candidato aceptable				
2020-11-27	2020		no encontrado	sin candidato aceptable				
2020-09-04	2 anos 4 meses		no encontrado	sin candidato aceptable				
2019-05-07	3		no encontrado	sin candidato aceptable				
2022-05-23	33 anos de oscuridad		no encontrado	sin candidato aceptable				
2022-04-22	75 dias los crimenes de alcasser		no encontrado	sin candidato aceptable				
2021-05-31	75 dias se realiza siguiendo el criterio de semanas cinematograficas		no encontrado	sin candidato aceptable				
2025-04-30	7º dia		no encontrado	sin candidato aceptable				
2023-01-20	8 anos phoenix		no encontrado	sin candidato aceptable				
2024-03-22	abadesa la se realiza siguiendo el criterio de semanas cinematograficas		no encontrado	sin candidato aceptable				
2021-06-02	absolucion		no encontrado	sin candidato aceptable				
2024-09-13	abuela y el forastero		no encontrado	sin candidato aceptable				
2016-06-03	acantilado		no encontrado	sin candidato aceptable				
2021-09-29	a contracorriente		no encontrado	sin candidato aceptable				
2025-12-12	adios cuba		no encontrado	sin candidato aceptable				
2022-03-09	a dios pongo por testigo se realiza siguiendo el criterio de semanas cinematograficas	170622	revisar	titulo fuerte; fecha distinta o ausente	1.0	DIOS PONGO POR TESTIGO	28/03/2023	https://sede.mcu.gob.es/CatalogoICAA/es-es/Peliculas/Detalle?Pelicula=170622
2023-12-18	adn de la memoria		no encontrado	sin candidato aceptable				
2015-11-13	adopcion		no encontrado	sin candidato aceptable				
2025-02-18	a dos velas se realiza siguiendo el criterio de semanas cinematograficas		no encontrado	sin candidato aceptable				
2019-03-22	advertencia cuanto ensuciamos cuando limpiamos		no encontrado	sin candidato aceptable				
2014-10-10	a escondidas		no encontrado	sin candidato aceptable				
2021-09-30	aguantando er tipo		no encontrado	sin candidato aceptable				
2022-02-11	agua tiempos		no encontrado	sin candidato aceptable				
2023-10-06	ahora la luz cae vertical		no encontrado	sin candidato aceptable				
2024-05-10	aire		no encontrado	sin candidato aceptable				
2020-10-02	akelarre avalon	123717	media	titulo fuerte; fecha cercana (4 dias)	1.0	AKELARRE	28/09/2020	https://sede.mcu.gob.es/CatalogoICAA/es-es/Peliculas/Detalle?Pelicula=123717
2026-05-15	a la cara		no encontrado	sin candidato aceptable				
2019-11-28	alaska un reto de vida		no encontrado	sin candidato aceptable				
2022-04-29	alcarras avalon		no encontrado	sin candidato aceptable				
2023-03-31	alegres tiempos el concierto		no encontrado	sin candidato aceptable				
2021-11-19	algo salvaje la historia de bambino phoenix		no encontrado	sin candidato aceptable				
2018-06-17	alguer un pentagrama como una calle		no encontrado	sin candidato aceptable				
2024-12-17	aliento		no encontrado	sin candidato aceptable				
2022-05-27	alma anciana		no encontrado	sin candidato aceptable				
2024-11-20	al margen the		no encontrado	sin candidato aceptable				
2025-05-16	alma un sueno musical maravillas		no encontrado	sin candidato aceptable				
2025-05-16	almudena	146424	media	titulo fuerte; fecha cercana (7 dias)	1.0	ALMUDENA	09/05/2025	https://sede.mcu.gob.es/CatalogoICAA/es-es/Peliculas/Detalle?Pelicula=146424
2025-11-26	al oeste en zapata		no encontrado	sin candidato aceptable				
2025-05-16	a lo loco		no encontrado	sin candidato aceptable				
2024-04-23	a los que aman		no encontrado	sin candidato aceptable				
2016-04-01	altamira	69910	alta	titulo y fecha exactos	1.0		01/04/2016	https://sede.mcu.gob.es/CatalogoICAA/es-es/Peliculas/Detalle?Pelicula=69910
2023-04-25	alternativas construyendo futuros posibles		no encontrado	sin candidato aceptable				
2017-07-14	alumbrar las 1001 novias		no encontrado	sin candidato aceptable				
2025-07-24	alyonka sonada		no encontrado	sin candidato aceptable				
2021-07-16	ama	30020	media	titulo fuerte; fecha cercana (14 dias)	1.0	AMA	02/07/2021	https://sede.mcu.gob.es/CatalogoICAA/es-es/Peliculas/Detalle?Pelicula=30020
2020-11-20	amalia en otono		no encontrado	sin candidato aceptable				
2022-04-01	amame		no encontrado	sin candidato aceptable				
2023-11-17	amanece	118920	media	titulo fuerte; fecha cercana (2 dias)	1.0	AMANECE	15/11/2023	https://sede.mcu.gob.es/CatalogoICAA/es-es/Peliculas/Detalle?Pelicula=118920
2021-04-16	amanece en calcuta european	29621	alta	titulo y fecha exactos	1.0	AMANECE EN CALCUTA	16/04/2021	https://sede.mcu.gob.es/CatalogoICAA/es-es/Peliculas/Detalle?Pelicula=29621
2023-03-23	amanece que no es poco		no encontrado	sin candidato aceptable				
2021-09-17	amanecer		no encontrado	sin candidato aceptable				
2017-06-01	amante del silencio		no encontrado	sin candidato aceptable				
2021-02-26	amantes		no encontrado	sin candidato aceptable				
2016-06-10	amigas de agata		no encontrado	sin candidato aceptable				
2016-06-10	amigas de agata las avalon		no encontrado	sin candidato aceptable				
2020-11-09	amigo	149020	media	titulo fuerte; fecha cercana (18 dias)	1.0	AMIGO	22/10/2020	https://sede.mcu.gob.es/CatalogoICAA/es-es/Peliculas/Detalle?Pelicula=149020
2025-11-08	aminetu		no encontrado	sin candidato aceptable				
2021-12-03	amor en su lugar		no encontrado	sin candidato aceptable				
2024-06-07	amor en toda la cara		no encontrado	sin candidato aceptable				
2018-11-09	amor y la muerte el historia de enrique granados margenes		no encontrado	sin candidato aceptable				
2024-12-13	anaga naturaleza infinita		no encontrado	sin candidato aceptable				
2024-12-13	anaga naturaleza infinita se realiza siguiendo el criterio de semanas cinematograficas		no encontrado	sin candidato aceptable				
2023-02-28	ana y los lobos		no encontrado	sin candidato aceptable				
2021-03-06	andromedas		no encontrado	sin candidato aceptable				
2018-10-31	angel	131417	media	titulo fuerte; fecha cercana (1 dias)	1.0	EL ÁNGEL	30/10/2018	https://sede.mcu.gob.es/CatalogoICAA/es-es/Peliculas/Detalle?Pelicula=131417
2017-09-29	angelica		no encontrado	sin candidato aceptable				
2024-04-26	angel llamado rebeca european		no encontrado	sin candidato aceptable				
2023-11-24	anibal el arquitecto de sevilla		no encontrado	sin candidato aceptable				
2017-06-16	animal de compania		no encontrado	sin candidato aceptable				
2018-10-19	animales sin collar entertainment	110217	alta	titulo y fecha exactos	1.0	ANIMALES SIN COLLAR	19/10/2018	https://sede.mcu.gob.es/CatalogoICAA/es-es/Peliculas/Detalle?Pelicula=110217
2024-04-05	animal humano margenes		no encontrado	sin candidato aceptable				
2012-10-26	animals		no encontrado	sin candidato aceptable				
2019-11-22	ano mas		no encontrado	sin candidato aceptable				
2022-10-21	ano una noche		no encontrado	sin candidato aceptable				
2025-03-21	ano y un dia		no encontrado	sin candidato aceptable				
2021-09-30	antologia de l atzar		no encontrado	sin candidato aceptable				
2025-11-25	antonio el bailarin de espana		no encontrado	sin candidato aceptable				
2019-02-20	antonio gonzalez hombre de ciencia y conciencia		no encontrado	sin candidato aceptable				
2020-12-04	antonio machado los dias azules se realiza siguiendo el criterio de semanas cinematograficas		no encontrado	sin candidato aceptable				
2025-04-04	a nuestros amigos margenes		no encontrado	sin candidato aceptable				
2022-11-25	anwar		no encontrado	sin candidato aceptable				
2018-12-05	apuntes para una pelicula de atracos avalon		no encontrado	sin candidato aceptable				
2025-11-15	aquel ultimo tiburon		no encontrado	sin candidato aceptable				
2024-04-12	arantzazu		no encontrado	sin candidato aceptable				
2017-06-09	arca de noe	95814	media	titulo fuerte; fecha cercana (14 dias)	1.0	ARCA DE NOÉ	26/05/2017	https://sede.mcu.gob.es/CatalogoICAA/es-es/Peliculas/Detalle?Pelicula=95814
2019-05-10	archipielago indomito		no encontrado	sin candidato aceptable				
2018-11-14	arenas de silencio		no encontrado	sin candidato aceptable				
2018-05-11	arizmendiarrieta el hombre cooperativo urresti		no encontrado	sin candidato aceptable				
2024-01-25	armas no borraran tu sonrisa		no encontrado	sin candidato aceptable				
2023-11-09	arnasa betean a pulmon		no encontrado	sin candidato aceptable				
2024-09-25	aroak		no encontrado	sin candidato aceptable				
2022-04-20	arrebato		no encontrado	sin candidato aceptable				
2024-03-12	art d alcada		no encontrado	sin candidato aceptable				
2024-09-05	artefacto 71		no encontrado	sin candidato aceptable				
2024-05-04	artifacts assembly		no encontrado	sin candidato aceptable				
2019-05-17	asamblea		no encontrado	sin candidato aceptable				
2023-05-05	asedio	159320	media	titulo fuerte; fecha cercana (11 dias)	1.0	ASEDIO	24/04/2023	https://sede.mcu.gob.es/CatalogoICAA/es-es/Peliculas/Detalle?Pelicula=159320
2022-11-03	asi crecen los enanos		no encontrado	sin candidato aceptable				
2024-09-20	aspirante	98819	media	titulo fuerte; fecha cercana (1 dias)	1.0	EL ASPIRANTE	19/09/2024	https://sede.mcu.gob.es/CatalogoICAA/es-es/Peliculas/Detalle?Pelicula=98819
2016-10-12	astral		no encontrado	sin candidato aceptable				
2021-02-27	astrid		no encontrado	sin candidato aceptable				
2018-05-18	ataud de cristal		no encontrado	sin candidato aceptable				
2025-03-07	atin aya retrato del silencio maravillas		no encontrado	sin candidato aceptable				
2025-11-21	aullar cineand		no encontrado	sin candidato aceptable				
2022-04-27	aun		no encontrado	sin candidato aceptable				
2025-03-07	aurora		no encontrado	sin candidato aceptable				
2019-09-13	auteretrato urresti		no encontrado	sin candidato aceptable				
2024-05-03	auto das animas o		no encontrado	sin candidato aceptable				
2022-11-13	ay carmela		no encontrado	sin candidato aceptable				
2019-06-28	azahar		no encontrado	sin candidato aceptable				
2015-09-18	b		no encontrado	sin candidato aceptable				
2017-11-19	bajo la rosa		no encontrado	sin candidato aceptable				
2023-09-15	balada perdida		no encontrado	sin candidato aceptable				
2025-11-21	bala la se realiza siguiendo el criterio de semanas cinematograficas		no encontrado	sin candidato aceptable				
2021-05-12	balandrau infierno helado		no encontrado	sin candidato aceptable				
2025-12-12	balearic		no encontrado	sin candidato aceptable				
2019-06-21	banda		no encontrado	sin candidato aceptable				
2024-06-14	bandera	39823	media	titulo fuerte; fecha cercana (3 dias)	1.0	LA BANDERA	11/06/2024	https://sede.mcu.gob.es/CatalogoICAA/es-es/Peliculas/Detalle?Pelicula=39823
2025-03-07	bano propio		no encontrado	sin candidato aceptable				
2025-11-28	barcelona mon amour		no encontrado	sin candidato aceptable				
2015-12-04	barcelona noche de invierno		no encontrado	sin candidato aceptable				
2013-09-06	barcelona noche de verano		no encontrado	sin candidato aceptable				
2022-05-31	barcelona surf destination		no encontrado	sin candidato aceptable				
2023-05-11	barrio		no encontrado	sin candidato aceptable				
2020-02-28	barro de la revolucion		no encontrado	sin candidato aceptable				
2021-06-05	basotik itsasora		no encontrado	sin candidato aceptable				
2024-05-09	bastarda		no encontrado	sin candidato aceptable				
2015-09-18	b avalon		no encontrado	sin candidato aceptable				
2019-09-20	be happy els		no encontrado	sin candidato aceptable				
2025-11-28	bella		no encontrado	sin candidato aceptable				
2024-07-21	benin infancia robada		no encontrado	sin candidato aceptable				
2017-11-10	bernabeu		no encontrado	sin candidato aceptable				
2018-10-26	bernarda	176417	alta	titulo y fecha exactos	1.0	BERNARDA	26/10/2018	https://sede.mcu.gob.es/CatalogoICAA/es-es/Peliculas/Detalle?Pelicula=176417
2017-04-14	berserker		no encontrado	sin candidato aceptable				
2022-04-22	beso de dios el european	186516	media	titulo fuerte; fecha cercana (1 dias)	1.0	EL BESO DE DIOS	23/04/2022	https://sede.mcu.gob.es/CatalogoICAA/es-es/Peliculas/Detalle?Pelicula=186516
2018-03-16	best day of my life the		no encontrado	sin candidato aceptable				
2022-07-14	bicicletas son para el verano		no encontrado	sin candidato aceptable				
2023-02-10	bidean jarraituz siguiendo en el camino		no encontrado	sin candidato aceptable				
2023-03-03	bienvenido mr banksy		no encontrado	sin candidato aceptable				
2020-09-26	big big big		no encontrado	sin candidato aceptable				
2019-04-18	bikes		no encontrado	sin candidato aceptable				
2024-05-07	binu historia de dos estrellas se realiza siguiendo el criterio de semanas cinematograficas		no encontrado	sin candidato aceptable				
2023-10-12	bisbal		no encontrado	sin candidato aceptable				
2020-09-25	black beach entertainment	107118	alta	titulo y fecha exactos	1.0	BLACK BEACH	25/09/2020	https://sede.mcu.gob.es/CatalogoICAA/es-es/Peliculas/Detalle?Pelicula=107118
2018-08-03	blackwood entertainment		no encontrado	sin candidato aceptable				
2017-05-23	blue rai		no encontrado	sin candidato aceptable				
2021-07-02	blues para teheran		no encontrado	sin candidato aceptable				
2024-09-21	bofi		no encontrado	sin candidato aceptable				
2019-03-29	boi		no encontrado	sin candidato aceptable				
2024-11-08	book the moon		no encontrado	sin candidato aceptable				
2022-10-19	bosque del lobo		no encontrado	sin candidato aceptable				
2016-07-29	boye		no encontrado	sin candidato aceptable				
2017-07-07	brava		no encontrado	sin candidato aceptable				
2016-07-15	bruja mas que bruja	188650	revisar	titulo fuerte; fecha distinta o ausente	1.0	BRUJA MAS QUE BRUJA	10/01/1977	https://sede.mcu.gob.es/CatalogoICAA/es-es/Peliculas/Detalle?Pelicula=188650
2019-07-09	buceadores de la luna		no encontrado	sin candidato aceptable				
2019-10-11	buelos nunca es tarde para emprender entertainment		no encontrado	sin candidato aceptable				
2025-05-15	burnout		no encontrado	sin candidato aceptable				
2021-06-05	bury us a punk rock uprising		no encontrado	sin candidato aceptable				
2022-07-29	buscando la pelicula phoenix		no encontrado	sin candidato aceptable				
2017-06-14	caballo de viento		no encontrado	sin candidato aceptable				
2023-11-23	caballos alberto		no encontrado	sin candidato aceptable				
2019-05-13	cabanyal any zero		no encontrado	sin candidato aceptable				
2019-02-22	cada quince dias		no encontrado	sin candidato aceptable				
2023-02-28	caja vacia		no encontrado	sin candidato aceptable				
2023-06-29	calavera resumida		no encontrado	sin candidato aceptable				
2023-11-24	caleta palace		no encontrado	sin candidato aceptable				
2021-10-08	callejeras		no encontrado	sin candidato aceptable				
2022-10-06	calle mayor		no encontrado	sin candidato aceptable				
2023-11-02	cambio de sentido		no encontrado	sin candidato aceptable				
2022-03-25	camera cafe		no encontrado	sin candidato aceptable				
2008-10-17	camino	120307	media	titulo fuerte; fecha cercana (21 dias)	1.0		26/09/2008	https://sede.mcu.gob.es/CatalogoICAA/es-es/Peliculas/Detalle?Pelicula=120307
2025-10-30	camino de cova eiros o		no encontrado	sin candidato aceptable				
2015-05-29	camino mas largo para volver a casa		no encontrado	sin candidato aceptable				
2019-09-06	camino sin limites saen rdeoa laiz daj seingeubieando el criterio de semanas cinematograficas		no encontrado	sin candidato aceptable				
2025-05-17	campanadas a medianoche		no encontrado	sin candidato aceptable				
2023-08-18	campeonex se realiza siguiendo el criterio de semanas cinematograficas	164322	alta	titulo y fecha exactos	1.0	CAMPEONEX	18/08/2023	https://sede.mcu.gob.es/CatalogoICAA/es-es/Peliculas/Detalle?Pelicula=164322
2021-10-16	canciones de horror		no encontrado	sin candidato aceptable				
2017-03-31	cantabrico		no encontrado	sin candidato aceptable				
2008-12-19	cant dels ocells		no encontrado	sin candidato aceptable				
2008-12-19	cant dels ocells el se realiza siguiendo el criterio de semanas cinematograficas		no encontrado	sin candidato aceptable				
2022-02-04	canto cosmico nino de elche margenes		no encontrado	sin candidato aceptable				
2023-06-22	cantuna		no encontrado	sin candidato aceptable				
2024-04-26	caparros las botas del entrenador maravillas		no encontrado	sin candidato aceptable				
2025-07-04	capitolio contra capitolio		no encontrado	sin candidato aceptable				
2017-03-16	capturar las 1001 novias		no encontrado	sin candidato aceptable				
2023-12-29	carbon	28823	alta	titulo y fecha exactos	1.0	CARBÓN	29/12/2023	https://sede.mcu.gob.es/CatalogoICAA/es-es/Peliculas/Detalle?Pelicula=28823
2024-07-25	carga		no encontrado	sin candidato aceptable				
2025-04-25	carga el diablo lo		no encontrado	sin candidato aceptable				
2022-03-24	carmen muerte por un sueno		no encontrado	sin candidato aceptable				
2022-11-08	carpetas azules		no encontrado	sin candidato aceptable				
2018-12-07	carrasca		no encontrado	sin candidato aceptable				
2021-10-26	cartas de akyab		no encontrado	sin candidato aceptable				
2022-05-13	cartas perdidas las la carcel y el exilio de las mujeres repub		no encontrado	sin candidato aceptable				
2024-04-18	casa bloc rehabilitacion de una idea		no encontrado	sin candidato aceptable				
2024-06-28	casa en llamas		no encontrado	sin candidato aceptable				
2018-05-18	casals la fuerza de un silencio		no encontrado	sin candidato aceptable				
2017-07-01	cash n flow el evento		no encontrado	sin candidato aceptable				
2018-06-29	casi 40 avalon		no encontrado	sin candidato aceptable				
2023-02-02	casilda el eco de otros pasos		no encontrado	sin candidato aceptable				
2025-01-18	castillo de argueso		no encontrado	sin candidato aceptable				
2025-02-27	cataluna ambigua sheridan s		no encontrado	sin candidato aceptable				
2023-03-10	caza la boccacio		no encontrado	sin candidato aceptable				
2025-10-20	cebo		no encontrado	sin candidato aceptable				
2025-05-11	cecilia bartolome tan lejos tan cerca		no encontrado	sin candidato aceptable				
2024-10-17	celedonio y yo somos asi		no encontrado	sin candidato aceptable				
2023-11-23	cenerentola la teatro real		no encontrado	sin candidato aceptable				
2020-11-06	cercle en l aigua		no encontrado	sin candidato aceptable				
2023-03-24	cero 5 a		no encontrado	sin candidato aceptable				
2023-09-29	cerrar los ojos avalon	124422	alta	titulo y fecha exactos	1.0	CERRAR LOS OJOS	29/09/2023	https://sede.mcu.gob.es/CatalogoICAA/es-es/Peliculas/Detalle?Pelicula=124422
2019-05-31	chain the		no encontrado	sin candidato aceptable				
2017-06-16	chavela		no encontrado	sin candidato aceptable				
2025-11-14	chemsex un viaje al interior		no encontrado	sin candidato aceptable				
2025-01-30	chhaupadi		no encontrado	sin candidato aceptable				
2017-12-12	chica de la cancion		no encontrado	sin candidato aceptable				
2024-10-11	chichi y yo		no encontrado	sin candidato aceptable				
2020-01-24	cholitas arena		no encontrado	sin candidato aceptable				
2025-05-09	cielo de los animales el maravillas		no encontrado	sin candidato aceptable				
2023-02-24	cielo no puede esperar el european		no encontrado	sin candidato aceptable				
2022-03-25	cielo tan turbio		no encontrado	sin candidato aceptable				
2024-06-25	cienaga		no encontrado	sin candidato aceptable				
2018-04-10	cifra negra		no encontrado	sin candidato aceptable				
2022-03-25	cima	144519	media	titulo fuerte; fecha cercana (2 dias)	1.0	LA CIMA	23/03/2022	https://sede.mcu.gob.es/CatalogoICAA/es-es/Peliculas/Detalle?Pelicula=144519
2017-06-02	cinebasura la pelicula		no encontrado	sin candidato aceptable				
2022-08-12	cine registro vivo de nuestra memoria		no encontrado	sin candidato aceptable				
2022-08-12	cine registro vivo de nuestra memoria se realiza siguiendo el criterio de semanas cinematograficas		no encontrado	sin candidato aceptable				
2021-09-08	circulo		no encontrado	sin candidato aceptable				
2024-05-09	cirlot la mirada de bronwyn		no encontrado	sin candidato aceptable				
2018-05-31	citizen science revolution		no encontrado	sin candidato aceptable				
2019-11-05	ciudad de los muertos		no encontrado	sin candidato aceptable				
2019-05-31	ciudad oculta la margenes		no encontrado	sin candidato aceptable				
2015-11-13	clan	143914	alta	titulo y fecha exactos	1.0		13/11/2015	https://sede.mcu.gob.es/CatalogoICAA/es-es/Peliculas/Detalle?Pelicula=143914
2017-05-31	clase valiente el poder de las palabras		no encontrado	sin candidato aceptable				
2021-06-10	club del pino solitario		no encontrado	sin candidato aceptable				
2022-12-17	cocina de los hombres		no encontrado	sin candidato aceptable				
2021-10-21	coda 77		no encontrado	sin candidato aceptable				
2016-01-29	cola colita colassa		no encontrado	sin candidato aceptable				
2015-12-25	colibri		no encontrado	sin candidato aceptable				
2016-12-02	colision	114715	media	titulo fuerte; fecha cercana (3 dias)	1.0	COLISIÓN	05/12/2016	https://sede.mcu.gob.es/CatalogoICAA/es-es/Peliculas/Detalle?Pelicula=114715
2019-03-14	colis suspect		no encontrado	sin candidato aceptable				
2022-09-08	colmena		no encontrado	sin candidato aceptable				
2021-11-19	colores del porvenir los sheridan s		no encontrado	sin candidato aceptable				
2025-05-26	comercial		no encontrado	sin candidato aceptable				
2022-07-04	comicos		no encontrado	sin candidato aceptable				
2025-06-27	como conquistamos el oeste y adonde nos llevo		no encontrado	sin candidato aceptable				
2025-07-31	compas del silencio		no encontrado	sin candidato aceptable				
2025-08-21	comunidad la 25 aniversario avalon		no encontrado	sin candidato aceptable				
2018-05-28	conducta animal		no encontrado	sin candidato aceptable				
2018-11-23	con el viento		no encontrado	sin candidato aceptable				
2024-11-18	confesiones chin chin		no encontrado	sin candidato aceptable				
2021-11-19	confinados		no encontrado	sin candidato aceptable				
2019-02-09	con nombre propio		no encontrado	sin candidato aceptable				
2021-09-17	consecuencias		no encontrado	sin candidato aceptable				
2021-09-17	consecuencias las se realiza siguiendo el criterio de semanas cinematograficas		no encontrado	sin candidato aceptable				
2025-10-24	constelacion portabella		no encontrado	sin candidato aceptable				
2022-11-25	constructores de la alhambra los se realiza siguiendo el criterio de semanas cinematograficas		no encontrado	sin candidato aceptable				
2021-12-10	construyendo la luz		no encontrado	sin candidato aceptable				
2023-11-09	contigo contigo y sin mi potenza		no encontrado	sin candidato aceptable				
2024-04-15	contra etiqueta		no encontrado	sin candidato aceptable				
2023-10-20	conversaciones sobre el odio moon		no encontrado	sin candidato aceptable				
2017-09-29	converso		no encontrado	sin candidato aceptable				
2017-09-29	converso margenes		no encontrado	sin candidato aceptable				
2018-01-09	copel una historia de rebeldia y dignidad		no encontrado	sin candidato aceptable				
2020-02-21	corazon ardiente european		no encontrado	sin candidato aceptable				
2016-04-22	corazon de africa		no encontrado	sin candidato aceptable				
2022-05-27	corazon de europa el phoenix		no encontrado	sin candidato aceptable				
2022-03-18	corazon de padre european		no encontrado	sin candidato aceptable				
2023-06-16	corriente la ibiza blue		no encontrado	sin candidato aceptable				
2018-04-20	corrupcion el organismo nocivo		no encontrado	sin candidato aceptable				
2015-05-15	corsarios	47011	media	titulo fuerte; fecha cercana (2 dias)	1.0	CORSARIOS	13/05/2015	https://sede.mcu.gob.es/CatalogoICAA/es-es/Peliculas/Detalle?Pelicula=47011
2017-11-24	cortar las 1001 novias		no encontrado	sin candidato aceptable				
2021-06-03	cosas que hacer antes de morir		no encontrado	sin candidato aceptable				
2021-07-23	cover el entertainment		no encontrado	sin candidato aceptable				
2024-11-18	crack		no encontrado	sin candidato aceptable				
2023-09-08	creatura avalon	106521	alta	titulo y fecha exactos	1.0	CREATURA	08/09/2023	https://sede.mcu.gob.es/CatalogoICAA/es-es/Peliculas/Detalle?Pelicula=106521
2021-10-25	crimen de cuenca		no encontrado	sin candidato aceptable				
2023-10-25	cristianos		no encontrado	sin candidato aceptable				
2022-10-07	critico		no encontrado	sin candidato aceptable				
2023-10-18	crossroads el viaje circular de boa mistura		no encontrado	sin candidato aceptable				
2017-11-01	crossroads paco roca		no encontrado	sin candidato aceptable				
2018-04-16	cuaderno de barro el avalon		no encontrado	sin candidato aceptable				
2019-11-08	cuadro		no encontrado	sin candidato aceptable				
2023-07-28	cuando toco un animal		no encontrado	sin candidato aceptable				
2025-11-01	cuando un rio se convierte en mar		no encontrado	sin candidato aceptable				
2019-11-22	cuarto reino el el reino de los plasticos		no encontrado	sin candidato aceptable				
2019-11-28	cuca retrato de una mujer		no encontrado	sin candidato aceptable				
2022-12-09	cuerpo abierto		no encontrado	sin candidato aceptable				
2022-05-06	culpa	224521	alta	titulo y fecha exactos	1.0	CULPA	06/05/2022	https://sede.mcu.gob.es/CatalogoICAA/es-es/Peliculas/Detalle?Pelicula=224521
2021-03-24	cumbre es el camino		no encontrado	sin candidato aceptable				
2024-11-22	cyborg generation		no encontrado	sin candidato aceptable				
2020-07-10	dama del bosque maldito		no encontrado	sin candidato aceptable				
2017-04-28	dancing beethoven margenes		no encontrado	sin candidato aceptable				
2025-06-19	dani fernandez todo cambia		no encontrado	sin candidato aceptable				
2017-07-14	debut		no encontrado	sin candidato aceptable				
2023-04-05	de caperucita a loba		no encontrado	sin candidato aceptable				
2024-12-15	decision de joaquina		no encontrado	sin candidato aceptable				
2021-04-09	de dali a miquel		no encontrado	sin candidato aceptable				
2023-06-13	de eso no hablamos		no encontrado	sin candidato aceptable				
2025-05-06	de la luz y las sombras		no encontrado	sin candidato aceptable				
2022-11-18	demonios de barro		no encontrado	sin candidato aceptable				
2021-12-16	depedro todo va a salir bien		no encontrado	sin candidato aceptable				
2022-06-16	de percebes en el hurtado		no encontrado	sin candidato aceptable				
2021-02-25	deprisa deprisa		no encontrado	sin candidato aceptable				
2021-12-09	dernier round		no encontrado	sin candidato aceptable				
2023-10-19	derrota	210423	revisar	titulo fuerte; fecha distinta o ausente	1.0	DE LA DERROTA	10/06/2025	https://sede.mcu.gob.es/CatalogoICAA/es-es/Peliculas/Detalle?Pelicula=210423
2023-06-09	desconocida	82919	media	titulo fuerte; fecha cercana (42 dias)	1.0	LA DESCONOCIDA	28/04/2023	https://sede.mcu.gob.es/CatalogoICAA/es-es/Peliculas/Detalle?Pelicula=82919
2018-10-19	desenterrando sad hill		no encontrado	sin candidato aceptable				
2017-12-15	desheredados		no encontrado	sin candidato aceptable				
2016-11-04	destierro		no encontrado	sin candidato aceptable				
2018-10-19	destierros		no encontrado	sin candidato aceptable				
2025-11-26	deuses de pedra		no encontrado	sin candidato aceptable				
2016-03-11	dgu no crezcas o moriras		no encontrado	sin candidato aceptable				
2024-04-12	dia cualquiera		no encontrado	sin candidato aceptable				
2018-09-21	diana		no encontrado	sin candidato aceptable				
2015-10-23	dia perfecte per volar		no encontrado	sin candidato aceptable				
2025-05-30	diario de un lobero		no encontrado	sin candidato aceptable				
2016-09-16	dias afogados os		no encontrado	sin candidato aceptable				
2023-06-07	dias de la noche		no encontrado	sin candidato aceptable				
2019-06-28	dias que vendran		no encontrado	sin candidato aceptable				
2019-06-28	dias que vendran los avalon		no encontrado	sin candidato aceptable				
2019-10-04	diecisiete		no encontrado	sin candidato aceptable				
2024-01-25	diego vasallo la posteridad para mas tarde		no encontrado	sin candidato aceptable				
2025-06-13	dies d estiu i de pluja		no encontrado	sin candidato aceptable				
2025-11-13	dios lo ve	238825	alta	titulo y fecha exactos	1.0	DIOS LO VE	13/11/2025	https://sede.mcu.gob.es/CatalogoICAA/es-es/Peliculas/Detalle?Pelicula=238825
2018-11-28	dios no me perdona		no encontrado	sin candidato aceptable				
2016-06-03	distancia mas larga la independent		no encontrado	sin candidato aceptable				
2018-09-07	distancias		no encontrado	sin candidato aceptable				
2025-02-13	divino tesoro se realiza siguiendo el criterio de semanas cinematograficas	144323	alta	titulo y fecha exactos	1.0	DIVINO TESORO	13/02/2025	https://sede.mcu.gob.es/CatalogoICAA/es-es/Peliculas/Detalle?Pelicula=144323
2024-02-21	dobla la esquina el volcan		no encontrado	sin candidato aceptable				
2018-05-11	doctrina el pecado original y la reinsercion		no encontrado	sin candidato aceptable				
2018-05-11	doctrina el pecado original y la reinsercion se realiza siguiendo el criterio de semanas cinematograficas		no encontrado	sin candidato aceptable				
2019-12-16	dog barking at the moon a		no encontrado	sin candidato aceptable				
2022-03-27	dolores guapa se realiza siguiendo el criterio de semanas cinematograficas		no encontrado	sin candidato aceptable				
2023-07-23	domingo domingo		no encontrado	sin candidato aceptable				
2020-02-21	domino		no encontrado	sin candidato aceptable				
2019-11-12	dona francisquita		no encontrado	sin candidato aceptable				
2025-05-30	donana donde el agua es sagrada		no encontrado	sin candidato aceptable				
2025-12-19	donde estabas cuando estabas		no encontrado	sin candidato aceptable				
2023-11-08	donde la vida puede ser		no encontrado	sin candidato aceptable				
2024-11-12	donde vamos a vivir mujeres contra el desahucio		no encontrado	sin candidato aceptable				
2017-09-17	donkeyote		no encontrado	sin candidato aceptable				
2020-10-24	dorothea y el myotragus		no encontrado	sin candidato aceptable				
2022-01-28	dorothe na vila se realiza siguiendo el criterio de semanas cinematograficas		no encontrado	sin candidato aceptable				
2021-07-23	dos		no encontrado	sin candidato aceptable				
2018-12-15	down n hi do		no encontrado	sin candidato aceptable				
2024-04-19	dragonkeeper guardiana de dragones		no encontrado	sin candidato aceptable				
2020-09-25	drogas	183217	media	titulo fuerte; fecha cercana (1 dias)	1.0	EL DROGAS	24/09/2020	https://sede.mcu.gob.es/CatalogoICAA/es-es/Peliculas/Detalle?Pelicula=183217
2020-11-27	dues nits d ahir les		no encontrado	sin candidato aceptable				
2024-06-19	dulcinea		no encontrado	sin candidato aceptable				
2022-09-09	duo		no encontrado	sin candidato aceptable				
2023-07-23	du vin dans les voiles		no encontrado	sin candidato aceptable				
2021-11-21	ecos		no encontrado	sin candidato aceptable				
2020-09-26	edades sensibles a la luz		no encontrado	sin candidato aceptable				
2023-02-02	efecto all 1		no encontrado	sin candidato aceptable				
2024-10-17	efecto all1 el parte ii		no encontrado	sin candidato aceptable				
2021-12-01	ego		no encontrado	sin candidato aceptable				
2016-09-02	elegido		no encontrado	sin candidato aceptable				
2017-11-17	elkarrekin together together		no encontrado	sin candidato aceptable				
2025-12-25	eloy de la iglesia adicto al cine urresti		no encontrado	sin candidato aceptable				
2016-01-29	embarazados		no encontrado	sin candidato aceptable				
2022-11-11	emilia	63321	alta	titulo y fecha exactos	1.0	EMILIA	11/11/2022	https://sede.mcu.gob.es/CatalogoICAA/es-es/Peliculas/Detalle?Pelicula=63321
2017-04-07	empatia		no encontrado	sin candidato aceptable				
2019-01-17	en acabar		no encontrado	sin candidato aceptable				
2025-05-07	en clave de sol		no encontrado	sin candidato aceptable				
2025-05-09	enemigos	233724	media	titulo fuerte; fecha cercana (3 dias)	1.0	ENEMIGOS	06/05/2025	https://sede.mcu.gob.es/CatalogoICAA/es-es/Peliculas/Detalle?Pelicula=233724
2013-09-26	energia 3d		no encontrado	sin candidato aceptable				
2020-09-28	enero		no encontrado	sin candidato aceptable				
2015-11-13	en granada es posible		no encontrado	sin candidato aceptable				
2024-04-09	en la linea del horizonte		no encontrado	sin candidato aceptable				
2018-08-31	en las estrellas	66715	alta	titulo y fecha exactos	1.0	EN LAS ESTRELLAS	31/08/2018	https://sede.mcu.gob.es/CatalogoICAA/es-es/Peliculas/Detalle?Pelicula=66715
2022-05-27	en otro lugar abre		no encontrado	sin candidato aceptable				
2022-07-14	enterrar y callar		no encontrado	sin candidato aceptable				
2021-06-18	entre perro y lobo	52415	media	titulo fuerte; fecha cercana (1 dias)	1.0	ENTRE PERRO Y LOBO	17/06/2021	https://sede.mcu.gob.es/CatalogoICAA/es-es/Peliculas/Detalle?Pelicula=52415
2018-05-30	entrevista		no encontrado	sin candidato aceptable				
2019-11-20	entusiasmo una historia de la transicion		no encontrado	sin candidato aceptable				
2022-12-16	erase una vez		no encontrado	sin candidato aceptable				
2021-10-29	erase una vez en euskadi entertainment		no encontrado	sin candidato aceptable				
2022-05-12	erasmus en gaza		no encontrado	sin candidato aceptable				
2019-05-31	escapada	52519	alta	titulo y fecha exactos	1.0	Escapada	31/05/2019	https://sede.mcu.gob.es/CatalogoICAA/es-es/Peliculas/Detalle?Pelicula=52519
2022-03-11	escape room la pelicula		no encontrado	sin candidato aceptable				
2024-12-18	escribir no es normal		no encontrado	sin candidato aceptable				
2024-12-13	es el enemigo la pelicula de gila		no encontrado	sin candidato aceptable				
2025-03-12	ese mundo que no te da nada		no encontrado	sin candidato aceptable				
2016-10-28	espana en dos trincheras la guerra civil en color		no encontrado	sin candidato aceptable				
2020-10-16	espanola la de torres		no encontrado	sin candidato aceptable				
2024-11-06	espazos en branco os		no encontrado	sin candidato aceptable				
2022-10-22	espejo	86520	media-baja	titulo fuerte; mismo anio	1.0	ESPEJO ESPEJO	20/05/2022	https://sede.mcu.gob.es/CatalogoICAA/es-es/Peliculas/Detalle?Pelicula=86520
2022-05-20	espejo espejo	86520	alta	titulo y fecha exactos	1.0	ESPEJO ESPEJO	20/05/2022	https://sede.mcu.gob.es/CatalogoICAA/es-es/Peliculas/Detalle?Pelicula=86520
2023-12-15	espera la maravillas		no encontrado	sin candidato aceptable				
2023-09-01	espiritu de la colmena el avalon		no encontrado	sin candidato aceptable				
2023-10-26	esta ambicion desmedida avalon		no encontrado	sin candidato aceptable				
2018-06-15	estacion violenta a margenes		no encontrado	sin candidato aceptable				
2022-01-05	estado impuro phoenix	197018	alta	titulo y fecha exactos	1.0	Estado impuro	05/01/2022	https://sede.mcu.gob.es/CatalogoICAA/es-es/Peliculas/Detalle?Pelicula=197018
2021-03-31	este amor es de otro planeta cineand		no encontrado	sin candidato aceptable				
2021-11-26	esther ferrer hilos de tiempo		no encontrado	sin candidato aceptable				
2022-11-03	estimada sara		no encontrado	sin candidato aceptable				
2023-09-29	estols se realiza siguiendo el criterio de semanas cinematograficas		no encontrado	sin candidato aceptable				
2022-04-09	estos muros		no encontrado	sin candidato aceptable				
2024-10-11	estrella fugaz european		no encontrado	sin candidato aceptable				
2023-03-02	eterna se realiza siguiendo el criterio de semanas cinematograficas	99622	alta	titulo y fecha exactos	1.0	ETERNA	02/03/2023	https://sede.mcu.gob.es/CatalogoICAA/es-es/Peliculas/Detalle?Pelicula=99622
2023-06-28	evangelio mayor		no encontrado	sin candidato aceptable				
2017-12-11	everest un reto sobrehumano		no encontrado	sin candidato aceptable				
2024-03-24	experimento deanie		no encontrado	sin candidato aceptable				
2018-11-09	experimento stuka		no encontrado	sin candidato aceptable				
2022-10-20	exploradores verticales		no encontrado	sin candidato aceptable				
2023-09-14	explotando el eden lle a vache		no encontrado	sin candidato aceptable				
2025-10-03	extrano rio		no encontrado	sin candidato aceptable				
2022-09-11	extremadura paraiso natural de europa		no encontrado	sin candidato aceptable				
2021-03-23	ez eskerrik asko la ventana de gladys		no encontrado	sin candidato aceptable				
2024-02-22	fabula del escorpion y la rana		no encontrado	sin candidato aceptable				
2016-12-16	falling		no encontrado	sin candidato aceptable				
2025-05-10	faltan vuestros nombres		no encontrado	sin candidato aceptable				
2017-08-31	familia dementia		no encontrado	sin candidato aceptable				
2025-06-20	fandango maravillas		no encontrado	sin candidato aceptable				
2021-11-26	fantasia		no encontrado	sin candidato aceptable				
2024-01-26	faro		no encontrado	sin candidato aceptable				
2023-11-10	fauna		no encontrado	sin candidato aceptable				
2019-03-01	feedback entertainment		no encontrado	sin candidato aceptable				
2023-11-07	feliz no cumpleanos		no encontrado	sin candidato aceptable				
2025-05-06	fenomenos		no encontrado	sin candidato aceptable				
2025-06-12	festa	37622	alta	titulo y fecha exactos	1.0	LA FESTA	12/06/2025	https://sede.mcu.gob.es/CatalogoICAA/es-es/Peliculas/Detalle?Pelicula=37622
2024-12-05	fianza	233223	media	titulo fuerte; fecha cercana (18 dias)	1.0	LA FIANZA	17/11/2024	https://sede.mcu.gob.es/CatalogoICAA/es-es/Peliculas/Detalle?Pelicula=233223
2025-10-23	fieles sirvientes		no encontrado	sin candidato aceptable				
2016-11-25	fiesta de los locos		no encontrado	sin candidato aceptable				
2020-02-07	fiesta no es para feos		no encontrado	sin candidato aceptable				
2021-03-25	figuras femeninas		no encontrado	sin candidato aceptable				
2025-01-31	filme pajaros volando		no encontrado	sin candidato aceptable				
2020-12-03	film symphony orchestra		no encontrado	sin candidato aceptable				
2015-11-13	final		no encontrado	sin candidato aceptable				
2025-01-31	fin de fiesta		no encontrado	sin candidato aceptable				
2024-11-01	fin de viaje sahara		no encontrado	sin candidato aceptable				
2021-11-10	finlandia	51119	media	titulo fuerte; fecha cercana (12 dias)	1.0	FINLANDIA	22/11/2021	https://sede.mcu.gob.es/CatalogoICAA/es-es/Peliculas/Detalle?Pelicula=51119
2024-09-12	flores bajo el hielo		no encontrado	sin candidato aceptable				
2023-05-06	flores de tierra quemada estrategias del terror en guatemala y espana		no encontrado	sin candidato aceptable				
2022-03-27	flowers pop art		no encontrado	sin candidato aceptable				
2025-04-25	foreign song a		no encontrado	sin candidato aceptable				
2021-06-04	formentor el mar de las palabras		no encontrado	sin candidato aceptable				
2023-06-23	fortaleza	55415	media	titulo fuerte; fecha cercana (14 dias)	1.0	LA FORTALEZA	09/06/2023	https://sede.mcu.gob.es/CatalogoICAA/es-es/Peliculas/Detalle?Pelicula=55415
2022-11-18	fracasados		no encontrado	sin candidato aceptable				
2025-12-12	fragmentos		no encontrado	sin candidato aceptable				
2022-10-14	francesca y el amor		no encontrado	sin candidato aceptable				
2021-10-07	frederica montseny la mujer que habla		no encontrado	sin candidato aceptable				
2021-09-27	free play		no encontrado	sin candidato aceptable				
2023-10-21	free salir es posible		no encontrado	sin candidato aceptable				
2025-12-12	frontera	126723	media	titulo fuerte; fecha cercana (11 dias)	1.0	FRONTERA	01/12/2025	https://sede.mcu.gob.es/CatalogoICAA/es-es/Peliculas/Detalle?Pelicula=126723
2023-12-18	fueron los dias		no encontrado	sin candidato aceptable				
2021-05-21	fuerza de un barrio		no encontrado	sin candidato aceptable				
2023-11-10	fuga	99122	revisar	titulo fuerte; fecha distinta o ausente	1.0	LA FUGA	10/05/2024	https://sede.mcu.gob.es/CatalogoICAA/es-es/Peliculas/Detalle?Pelicula=99122
2024-05-15	fugida		no encontrado	sin candidato aceptable				
2024-04-08	funcion		no encontrado	sin candidato aceptable				
2025-06-20	furgo	101222	media	titulo fuerte; fecha cercana (2 dias)	1.0	LA FURGO	18/06/2025	https://sede.mcu.gob.es/CatalogoICAA/es-es/Peliculas/Detalle?Pelicula=101222
2016-11-11	furias		no encontrado	sin candidato aceptable				
2022-05-10	fusilados		no encontrado	sin candidato aceptable				
2025-08-08	futbolisimos 2 y el misterio del tesoro pirata		no encontrado	sin candidato aceptable				
2014-09-12	gabor		no encontrado	sin candidato aceptable				
2019-09-27	gallo		no encontrado	sin candidato aceptable				
2015-04-18	game over		no encontrado	sin candidato aceptable				
2025-06-24	gato montes		no encontrado	sin candidato aceptable				
2025-11-14	gaua	120523	media	titulo fuerte; fecha cercana (1 dias)	1.0	GAUA	13/11/2025	https://sede.mcu.gob.es/CatalogoICAA/es-es/Peliculas/Detalle?Pelicula=120523
2024-06-21	generacion lagartija		no encontrado	sin candidato aceptable				
2016-04-22	generacion z		no encontrado	sin candidato aceptable				
2024-06-14	genero chico		no encontrado	sin candidato aceptable				
2016-11-04	geometria del esplendor		no encontrado	sin candidato aceptable				
2016-09-09	gernika		no encontrado	sin candidato aceptable				
2017-12-14	gesta sobre la maleza		no encontrado	sin candidato aceptable				
2022-11-22	gesto		no encontrado	sin candidato aceptable				
2024-10-21	ghosts of the chelsea hotel		no encontrado	sin candidato aceptable				
2021-02-19	godot phoenix	169420	alta	titulo y fecha exactos	1.0	GODOT	19/02/2021	https://sede.mcu.gob.es/CatalogoICAA/es-es/Peliculas/Detalle?Pelicula=169420
2023-04-25	goerlich el arquitecto que sono su ciudad		no encontrado	sin candidato aceptable				
2022-11-25	golondrinas		no encontrado	sin candidato aceptable				
2024-05-24	golpe a golpe	125823	media-baja	titulo fuerte; mismo anio	1.0	GOLPE A GOLPE	26/03/2024	https://sede.mcu.gob.es/CatalogoICAA/es-es/Peliculas/Detalle?Pelicula=125823
2025-12-05	golpes		no encontrado	sin candidato aceptable				
2021-12-17	gora automatikoa	179121	media	titulo fuerte; fecha cercana (28 dias)	1.0	GORA AUTOMATIKOA	19/11/2021	https://sede.mcu.gob.es/CatalogoICAA/es-es/Peliculas/Detalle?Pelicula=179121
2021-06-25	gran camino		no encontrado	sin candidato aceptable				
2025-12-23	gran familia		no encontrado	sin candidato aceptable				
2015-11-27	granja del paso		no encontrado	sin candidato aceptable				
2017-03-24	gran ola	24617	media	titulo fuerte; fecha cercana (1 dias)	1.0	GRAN OLA	23/03/2017	https://sede.mcu.gob.es/CatalogoICAA/es-es/Peliculas/Detalle?Pelicula=24617
2020-01-22	gran teatre del liceu aida		no encontrado	sin candidato aceptable				
2018-02-27	gran teatre del liceu romeo y julieta		no encontrado	sin candidato aceptable				
2019-03-12	greco el pintor de lo invisible		no encontrado	sin candidato aceptable				
2017-12-12	grieta		no encontrado	sin candidato aceptable				
2013-12-13	guadalquivir	31212	alta	titulo y fecha exactos	1.0		13/12/2013	https://sede.mcu.gob.es/CatalogoICAA/es-es/Peliculas/Detalle?Pelicula=31212
2024-03-01	guadalupe madre de la humanidad european		no encontrado	sin candidato aceptable				
2024-03-08	guarapo		no encontrado	sin candidato aceptable				
2018-02-06	guatemala cuando el futuro perdio el miedo		no encontrado	sin candidato aceptable				
2022-05-27	guerra de los ninos la se realiza siguiendo el criterio de semanas cinematograficas		no encontrado	sin candidato aceptable				
2021-11-18	guerra mas larga la se realiza siguiendo el criterio de semanas cinematograficas		no encontrado	sin candidato aceptable				
2023-11-21	guillermo perez villalta del agua y el mediterraneo		no encontrado	sin candidato aceptable				
2023-06-22	h		no encontrado	sin candidato aceptable				
2015-06-12	hablar		no encontrado	sin candidato aceptable				
2025-08-29	hada		no encontrado	sin candidato aceptable				
2023-03-27	hada de las estaciones		no encontrado	sin candidato aceptable				
2025-05-30	hamburgo	43122	alta	titulo y fecha exactos	1.0	HAMBURGO	30/05/2025	https://sede.mcu.gob.es/CatalogoICAA/es-es/Peliculas/Detalle?Pelicula=43122
2025-12-05	hanna y las navidades olvidadas		no encontrado	sin candidato aceptable				
2023-04-21	hanna y los monstruos		no encontrado	sin candidato aceptable				
2018-06-01	hasta manana si dios quiere		no encontrado	sin candidato aceptable				
2025-10-17	hasta que me quede sin voz se realiza siguiendo el criterio de semanas cinematograficas	218325	alta	titulo y fecha exactos	1.0	HASTA QUE ME QUEDE SIN VOZ	17/10/2025	https://sede.mcu.gob.es/CatalogoICAA/es-es/Peliculas/Detalle?Pelicula=218325
2023-03-10	hay alguien en el bosque		no encontrado	sin candidato aceptable				
2023-11-01	hay una puerta ahi se realiza siguiendo el criterio de semanas cinematograficas		no encontrado	sin candidato aceptable				
2023-05-09	hazlo por mi		no encontrado	sin candidato aceptable				
2023-12-22	heavies tiernos paycom		no encontrado	sin candidato aceptable				
2025-05-29	helios gomez tinta y municion		no encontrado	sin candidato aceptable				
2021-08-28	herederas		no encontrado	sin candidato aceptable				
2021-05-14	herencia		no encontrado	sin candidato aceptable				
2025-11-07	heridos european		no encontrado	sin candidato aceptable				
2024-03-19	hermandad de los gitanos		no encontrado	sin candidato aceptable				
2017-06-23	hermanos del viento		no encontrado	sin candidato aceptable				
2019-05-10	hermanos sisters los avalon		no encontrado	sin candidato aceptable				
2024-08-30	heroes del central park		no encontrado	sin candidato aceptable				
2021-04-22	heroes silencio y rock roll		no encontrado	sin candidato aceptable				
2016-08-12	hielo		no encontrado	sin candidato aceptable				
2025-09-10	high club the		no encontrado	sin candidato aceptable				
2021-11-26	hija	154919	media	titulo fuerte; fecha cercana (15 dias)	1.0	LA HIJA	11/11/2021	https://sede.mcu.gob.es/CatalogoICAA/es-es/Peliculas/Detalle?Pelicula=154919
2019-05-31	hija de alguien		no encontrado	sin candidato aceptable				
2025-05-23	hija del volcan		no encontrado	sin candidato aceptable				
2025-06-27	hijas del trueno las moon se realiza siguiendo el criterio de semanas cinematograficas		no encontrado	sin candidato aceptable				
2019-04-12	hijo del acordeonista		no encontrado	sin candidato aceptable				
2025-10-16	hijos de dios		no encontrado	sin candidato aceptable				
2012-05-18	hijos de las nubes la ultima colonia		no encontrado	sin candidato aceptable				
2013-12-05	hijos de la tierra		no encontrado	sin candidato aceptable				
2020-02-21	hijos de san luis los phoenix		no encontrado	sin candidato aceptable				
2024-04-12	hispanoamerica canto a la vida y esperanza		no encontrado	sin candidato aceptable				
2024-05-24	historias	180023	alta	titulo y fecha exactos	1.0	HISTORIAS	24/05/2024	https://sede.mcu.gob.es/CatalogoICAA/es-es/Peliculas/Detalle?Pelicula=180023
2025-11-14	historias de halloween se realiza siguiendo el criterio de semanas cinematograficas		no encontrado	sin candidato aceptable				
2022-01-12	historias del agua phoenix		no encontrado	sin candidato aceptable				
2025-01-14	historias del poder y de la vida		no encontrado	sin candidato aceptable				
2025-03-10	historia una cancion		no encontrado	sin candidato aceptable				
2023-03-03	hogar		no encontrado	sin candidato aceptable				
2022-01-12	hola estas sola		no encontrado	sin candidato aceptable				
2025-03-28	hombre libre		no encontrado	sin candidato aceptable				
2022-10-21	hombre llamado flor de otono		no encontrado	sin candidato aceptable				
2021-03-25	hombre que lo queria ver todo		no encontrado	sin candidato aceptable				
2024-06-07	hombre sin miedo	153321	alta	titulo y fecha exactos	1.0	UN HOMBRE SIN MIEDO	07/06/2024	https://sede.mcu.gob.es/CatalogoICAA/es-es/Peliculas/Detalle?Pelicula=153321
2025-03-16	hombre tranquilo		no encontrado	sin candidato aceptable				
2024-01-19	home dels nassos l		no encontrado	sin candidato aceptable				
2022-09-28	home e o can o		no encontrado	sin candidato aceptable				
2021-10-28	hondaela abismo marino		no encontrado	sin candidato aceptable				
2019-05-17	hospitalarios las manos de la virgen		no encontrado	sin candidato aceptable				
2020-09-30	hostal espana		no encontrado	sin candidato aceptable				
2022-03-05	hotel colon		no encontrado	sin candidato aceptable				
2025-01-10	human hibernation the		no encontrado	sin candidato aceptable				
2012-06-15	iceberg		no encontrado	sin candidato aceptable				
2019-04-05	identicas		no encontrado	sin candidato aceptable				
2019-11-15	idrissa cronica de una muerte cualquiera		no encontrado	sin candidato aceptable				
2016-12-02	igelak		no encontrado	sin candidato aceptable				
2017-06-15	ignacio de loyola european		no encontrado	sin candidato aceptable				
2023-05-29	ignifugas		no encontrado	sin candidato aceptable				
2023-06-02	ilegales 82		no encontrado	sin candidato aceptable				
2025-03-06	ilusion de verano		no encontrado	sin candidato aceptable				
2023-11-17	imatge permanent		no encontrado	sin candidato aceptable				
2012-10-11	imposible lo		no encontrado	sin candidato aceptable				
2025-09-05	impulso nomada		no encontrado	sin candidato aceptable				
2021-10-29	impuros	175621	alta	titulo y fecha exactos	1.0	IMPUROS	29/10/2021	https://sede.mcu.gob.es/CatalogoICAA/es-es/Peliculas/Detalle?Pelicula=175621
2023-09-28	in albis		no encontrado	sin candidato aceptable				
2015-12-31	incidencias		no encontrado	sin candidato aceptable				
2018-01-25	indiscutible		no encontrado	sin candidato aceptable				
2016-02-13	infierno o paraiso		no encontrado	sin candidato aceptable				
2025-10-23	infiltrada en el bunker		no encontrado	sin candidato aceptable				
2019-06-21	influencia		no encontrado	sin candidato aceptable				
2016-02-05	informe general ii el nuevo rapto de europa		no encontrado	sin candidato aceptable				
2018-04-06	inmersion entertainment		no encontrado	sin candidato aceptable				
2017-11-17	inocente	46113	alta	titulo y fecha exactos	1.0	INOCENTE	17/11/2017	https://sede.mcu.gob.es/CatalogoICAA/es-es/Peliculas/Detalle?Pelicula=46113
2021-03-12	inocentes los se realiza siguiendo el criterio de semanas cinematograficas		no encontrado	sin candidato aceptable				
2017-07-28	inside		no encontrado	sin candidato aceptable				
2025-05-16	instinto		no encontrado	sin candidato aceptable				
2016-11-18	in the same boat		no encontrado	sin candidato aceptable				
2025-11-06	invasio dels barbars la tierra		no encontrado	sin candidato aceptable				
2024-06-28	invasion		no encontrado	sin candidato aceptable				
2025-07-04	invasion pequena		no encontrado	sin candidato aceptable				
2020-03-06	invisibles		no encontrado	sin candidato aceptable				
2022-11-22	invisible te podria pasar a ti		no encontrado	sin candidato aceptable				
2019-04-26	invocation of enver simaku the		no encontrado	sin candidato aceptable				
2017-03-03	ira		no encontrado	sin candidato aceptable				
2024-07-05	irklais per atlanta		no encontrado	sin candidato aceptable				
2025-07-24	irresponsables		no encontrado	sin candidato aceptable				
2022-05-01	isidro el labrador		no encontrado	sin candidato aceptable				
2015-11-06	isla bonita		no encontrado	sin candidato aceptable				
2025-04-25	isla de los faisanes		no encontrado	sin candidato aceptable				
2016-11-18	isla del viento		no encontrado	sin candidato aceptable				
2021-09-30	isla en el desierto		no encontrado	sin candidato aceptable				
2021-05-02	islandia el refugio perfecto		no encontrado	sin candidato aceptable				
2024-08-23	isla perdida		no encontrado	sin candidato aceptable				
2020-12-04	islas canarias las hijas del volcan		no encontrado	sin candidato aceptable				
2025-11-29	ivan z		no encontrado	sin candidato aceptable				
2022-10-07	jacinto	173019	alta	titulo y fecha exactos	1.0	JACINTO	07/10/2022	https://sede.mcu.gob.es/CatalogoICAA/es-es/Peliculas/Detalle?Pelicula=173019
2018-11-25	jaen virgen y extra		no encontrado	sin candidato aceptable				
2021-04-28	jantzari tradicion e igualdad		no encontrado	sin candidato aceptable				
2019-06-28	japon		no encontrado	sin candidato aceptable				
2025-02-04	jaume cabre la musica de las palabras		no encontrado	sin candidato aceptable				
2024-10-18	jeanette soy rebelde		no encontrado	sin candidato aceptable				
2022-04-29	jefa		no encontrado	sin candidato aceptable				
2018-07-06	jefe	28116	alta	titulo y fecha exactos	1.0	JEFE	06/07/2018	https://sede.mcu.gob.es/CatalogoICAA/es-es/Peliculas/Detalle?Pelicula=28116
2025-12-28	jesucristo flamenco maravillas		no encontrado	sin candidato aceptable				
2018-12-13	jesucristo superstar un hito en la historia del musical espanol		no encontrado	sin candidato aceptable				
2024-07-27	jimmy y la tecla magica		no encontrado	sin candidato aceptable				
2024-07-20	joan bennassar raons humanes		no encontrado	sin candidato aceptable				
2024-04-05	johnny puff mision secreta maravillas		no encontrado	sin candidato aceptable				
2025-09-12	jone a veces		no encontrado	sin candidato aceptable				
2023-01-20	jorge una travesia de coque malla lasdelcine		no encontrado	sin candidato aceptable				
2021-11-05	josefina	125718	alta	titulo y fecha exactos	1.0	JOSEFINA	05/11/2021	https://sede.mcu.gob.es/CatalogoICAA/es-es/Peliculas/Detalle?Pelicula=125718
2023-06-03	jose luis lopez vazquez que disparate		no encontrado	sin candidato aceptable				
2025-10-16	jose maria yturralde		no encontrado	sin candidato aceptable				
2020-12-04	josep		no encontrado	sin candidato aceptable				
2016-10-07	jota de saura		no encontrado	sin candidato aceptable				
2022-06-03	juanito	233221	alta	titulo y fecha exactos	1.0	JUANITO	03/06/2022	https://sede.mcu.gob.es/CatalogoICAA/es-es/Peliculas/Detalle?Pelicula=233221
2023-09-01	juego		no encontrado	sin candidato aceptable				
2021-05-06	jueves milagro		no encontrado	sin candidato aceptable				
2023-09-14	julia		no encontrado	sin candidato aceptable				
2016-10-07	julie		no encontrado	sin candidato aceptable				
2022-07-30	jusqu ici tout va		no encontrado	sin candidato aceptable				
2020-10-28	justa trama		no encontrado	sin candidato aceptable				
2022-05-10	kaiser de la atlantida		no encontrado	sin candidato aceptable				
2023-05-07	kapo		no encontrado	sin candidato aceptable				
2018-11-02	karamazoff		no encontrado	sin candidato aceptable				
2021-06-04	karen		no encontrado	sin candidato aceptable				
2020-10-14	kayak no limits menorca a cegue		no encontrado	sin candidato aceptable				
2023-10-27	kene tiempos		no encontrado	sin candidato aceptable				
2022-12-02	kepa junkera berpiztu kepa junkera renacer		no encontrado	sin candidato aceptable				
2018-03-01	kilian jornet path to everest		no encontrado	sin candidato aceptable				
2022-09-23	labordeta un hombre sin mas urresti		no encontrado	sin candidato aceptable				
2025-05-07	laguna negra		no encontrado	sin candidato aceptable				
2020-08-10	lapiz la nieve y la hierba		no encontrado	sin candidato aceptable				
2023-11-10	largo viaje	94920	media-baja	titulo fuerte; mismo anio	1.0	UN LARGO VIAJE	16/09/2023	https://sede.mcu.gob.es/CatalogoICAA/es-es/Peliculas/Detalle?Pelicula=94920
2014-10-17	lasa y zabala		no encontrado	sin candidato aceptable				
2023-11-17	latido del cielo el european		no encontrado	sin candidato aceptable				
2021-03-26	latir reto 3 355		no encontrado	sin candidato aceptable				
2021-10-01	lebrijano el un gitano universal		no encontrado	sin candidato aceptable				
2024-12-13	l edat imminent		no encontrado	sin candidato aceptable				
2017-02-17	legionario		no encontrado	sin candidato aceptable				
2020-11-19	leiva madrid nuclear		no encontrado	sin candidato aceptable				
2016-09-02	lejos del mar		no encontrado	sin candidato aceptable				
2023-05-12	leonora carrington el juego surrealista		no encontrado	sin candidato aceptable				
2023-03-17	l eternitat		no encontrado	sin candidato aceptable				
2020-07-10	letras de jordi las margenes		no encontrado	sin candidato aceptable				
2025-01-09	letras que marcan se realiza siguiendo el criterio de semanas cinematograficas		no encontrado	sin candidato aceptable				
2025-12-05	ley de sodoma la barlovento		no encontrado	sin candidato aceptable				
2020-10-24	leyenda del viento del norte		no encontrado	sin candidato aceptable				
2018-04-20	leyes de termodinamica		no encontrado	sin candidato aceptable				
2022-09-16	libelulas		no encontrado	sin candidato aceptable				
2021-03-26	libertad	88218	media-baja	titulo fuerte; mismo anio	1.0	LIBERTAD	26/10/2021	https://sede.mcu.gob.es/CatalogoICAA/es-es/Peliculas/Detalle?Pelicula=88218
2019-11-15	liberte	126218	alta	titulo y fecha exactos	1.0	LIBERTÉ	15/11/2019	https://sede.mcu.gob.es/CatalogoICAA/es-es/Peliculas/Detalle?Pelicula=126218
2017-11-10	libreria		no encontrado	sin candidato aceptable				
2023-04-21	libres		no encontrado	sin candidato aceptable				
2017-07-28	ligones		no encontrado	sin candidato aceptable				
2024-11-14	llamame paul		no encontrado	sin candidato aceptable				
2025-11-28	llamame sinsorga se realiza siguiendo el criterio de semanas cinematograficas		no encontrado	sin candidato aceptable				
2025-10-24	llapis horitzo		no encontrado	sin candidato aceptable				
2024-05-07	lligams fils que cuiden la vida		no encontrado	sin candidato aceptable				
2025-05-27	lluc una cronica de la pasteleria		no encontrado	sin candidato aceptable				
2023-03-31	loli tormenta se realiza siguiendo el criterio de semanas cinematograficas	158920	media	titulo fuerte; fecha cercana (1 dias)	1.0	LOLI TORMENTA	30/03/2023	https://sede.mcu.gob.es/CatalogoICAA/es-es/Peliculas/Detalle?Pelicula=158920
2019-12-05	longa noite	137919	alta	titulo y fecha exactos	1.0	LONGA NOITE	05/12/2019	https://sede.mcu.gob.es/CatalogoICAA/es-es/Peliculas/Detalle?Pelicula=137919
2019-12-05	longa noite se realiza siguiendo el criterio de semanas cinematograficas	137919	alta	titulo y fecha exactos	1.0	LONGA NOITE	05/12/2019	https://sede.mcu.gob.es/CatalogoICAA/es-es/Peliculas/Detalle?Pelicula=137919
2019-10-11	lo que arde		no encontrado	sin candidato aceptable				
2019-10-31	love me not		no encontrado	sin candidato aceptable				
2025-11-20	love u carme		no encontrado	sin candidato aceptable				
2016-01-15	l ovidi el making of de la pel licula que mai es va fer		no encontrado	sin candidato aceptable				
2019-01-17	lucero		no encontrado	sin candidato aceptable				
2017-11-24	luces		no encontrado	sin candidato aceptable				
2018-10-11	lucha de gigantes		no encontrado	sin candidato aceptable				
2017-11-07	lucia di lammermoor teatre liceu		no encontrado	sin candidato aceptable				
2026-01-17	luger cineand		no encontrado	sin candidato aceptable				
2025-11-20	luis gordillo manual de instrucciones maravillas		no encontrado	sin candidato aceptable				
2022-09-14	l ultim salt		no encontrado	sin candidato aceptable				
2025-06-16	luminoso espacio salvaje european		no encontrado	sin candidato aceptable				
2025-04-07	luna		no encontrado	sin candidato aceptable				
2017-11-28	lunas de new york y luna grande un tango por garcia lorca		no encontrado	sin candidato aceptable				
2020-02-07	lur y amets		no encontrado	sin candidato aceptable				
2015-03-06	luz con el tiempo dentro la magenta		no encontrado	sin candidato aceptable				
2025-04-11	luz de aisha		no encontrado	sin candidato aceptable				
2021-01-22	luz en la oscuridad phoenix		no encontrado	sin candidato aceptable				
2024-02-22	maa yiem la extraordinaria historia de jordi sabater pi		no encontrado	sin candidato aceptable				
2016-10-28	madre	32714	alta	titulo y fecha exactos	1.0	LA MADRE	28/10/2016	https://sede.mcu.gob.es/CatalogoICAA/es-es/Peliculas/Detalle?Pelicula=32714
2023-10-20	madre no hay mas que una european		no encontrado	sin candidato aceptable				
2025-05-22	madres		no encontrado	sin candidato aceptable				
2022-11-25	madre ven european		no encontrado	sin candidato aceptable				
2025-08-28	madrid ext		no encontrado	sin candidato aceptable				
2016-12-02	madriguera		no encontrado	sin candidato aceptable				
2019-03-28	madruga		no encontrado	sin candidato aceptable				
2016-05-27	magallanes	78315	alta	titulo y fecha exactos	1.0		27/05/2016	https://sede.mcu.gob.es/CatalogoICAA/es-es/Peliculas/Detalle?Pelicula=78315
2014-10-17	magical girl avalon	40513	alta	titulo y fecha exactos	1.0		17/10/2014	https://sede.mcu.gob.es/CatalogoICAA/es-es/Peliculas/Detalle?Pelicula=40513
2025-10-13	magnificent stranger the		no encontrado	sin candidato aceptable				
2020-11-12	malasana 80 music bar		no encontrado	sin candidato aceptable				
2021-06-30	maldicion he vuelto a cambiar		no encontrado	sin candidato aceptable				
2024-06-29	maldita primavera		no encontrado	sin candidato aceptable				
2022-11-11	mallorca la isla madre		no encontrado	sin candidato aceptable				
2016-02-19	mal que hacen los hombres		no encontrado	sin candidato aceptable				
2024-04-17	malvaloca		no encontrado	sin candidato aceptable				
2025-07-30	mama ahora mando yo		no encontrado	sin candidato aceptable				
2022-06-24	mama quiero ser futbolista profesional		no encontrado	sin candidato aceptable				
2020-10-23	mami	95017	alta	titulo y fecha exactos	1.0	LA MAMI	23/10/2020	https://sede.mcu.gob.es/CatalogoICAA/es-es/Peliculas/Detalle?Pelicula=95017
2018-01-12	manchester keeps on dancing		no encontrado	sin candidato aceptable				
2015-11-27	maniobra de heimlich la paycom		no encontrado	sin candidato aceptable				
2024-05-05	mans del genoves les		no encontrado	sin candidato aceptable				
2019-05-06	mantra sonidos en silencio		no encontrado	sin candidato aceptable				
2024-08-23	manuel machado o la edad de la poesia maravillas		no encontrado	sin candidato aceptable				
2013-02-01	mapa		no encontrado	sin candidato aceptable				
2025-04-29	maquinista		no encontrado	sin candidato aceptable				
2024-03-08	mar adentro		no encontrado	sin candidato aceptable				
2021-01-29	maragall i la lluna		no encontrado	sin candidato aceptable				
2020-07-10	marcelino el mejor payaso del mundo		no encontrado	sin candidato aceptable				
2024-11-08	marco	136022	media	titulo fuerte; fecha cercana (39 dias)	1.0	MARCO	30/09/2024	https://sede.mcu.gob.es/CatalogoICAA/es-es/Peliculas/Detalle?Pelicula=136022
2021-11-01	marcos y vida		no encontrado	sin candidato aceptable				
2022-07-27	margalida		no encontrado	sin candidato aceptable				
2019-03-22	margolaria		no encontrado	sin candidato aceptable				
2016-12-07	maria	47712	alta	titulo y fecha exactos	1.0	MARÍA (Y LOS DEMÁS)	07/12/2016	https://sede.mcu.gob.es/CatalogoICAA/es-es/Peliculas/Detalle?Pelicula=47712
2016-12-07	maria avalon	47712	alta	titulo y fecha exactos	1.0	MARÍA (Y LOS DEMÁS)	07/12/2016	https://sede.mcu.gob.es/CatalogoICAA/es-es/Peliculas/Detalle?Pelicula=47712
2023-03-10	maria casares la mujer que vivio mil vidas		no encontrado	sin candidato aceptable				
2025-04-08	maria la portuguesa		no encontrado	sin candidato aceptable				
2023-07-28	maria y la pelicula olvidada		no encontrado	sin candidato aceptable				
2024-04-05	marilyn y las avispas maravillas		no encontrado	sin candidato aceptable				
2025-10-10	mario		no encontrado	sin candidato aceptable				
2024-04-20	mariquilla terremoto		no encontrado	sin candidato aceptable				
2025-05-23	marisma	106222	alta	titulo y fecha exactos	1.0	MARISMA	23/05/2025	https://sede.mcu.gob.es/CatalogoICAA/es-es/Peliculas/Detalle?Pelicula=106222
2025-06-24	mar menor mal mayor		no encontrado	sin candidato aceptable				
2014-07-18	marsella	102613	media	titulo fuerte; fecha cercana (4 dias)	1.0		14/07/2014	https://sede.mcu.gob.es/CatalogoICAA/es-es/Peliculas/Detalle?Pelicula=102613
2025-02-14	marsellesa de los borrachos		no encontrado	sin candidato aceptable				
2023-04-22	mas alla del terror		no encontrado	sin candidato aceptable				
2025-03-28	mas cinco european		no encontrado	sin candidato aceptable				
2025-09-26	maspalomas	191823	media	titulo fuerte; fecha cercana (3 dias)	1.0	MASPALOMAS	23/09/2025	https://sede.mcu.gob.es/CatalogoICAA/es-es/Peliculas/Detalle?Pelicula=191823
2023-07-06	mas que amor frenesi		no encontrado	sin candidato aceptable				
2022-12-09	matadero	62018	media	titulo fuerte; fecha cercana (10 dias)	1.0	MATADERO	29/11/2022	https://sede.mcu.gob.es/CatalogoICAA/es-es/Peliculas/Detalle?Pelicula=62018
2015-04-10	matanza		no encontrado	sin candidato aceptable				
2016-09-16	matilde coral acariciando el aire		no encontrado	sin candidato aceptable				
2023-03-24	matria avalon	212817	alta	titulo y fecha exactos	1.0	MATRIA	24/03/2023	https://sede.mcu.gob.es/CatalogoICAA/es-es/Peliculas/Detalle?Pelicula=212817
2017-11-18	maus		no encontrado	sin candidato aceptable				
2022-06-03	mccurry la busqueda del color		no encontrado	sin candidato aceptable				
2018-05-11	media hora		no encontrado	sin candidato aceptable				
2021-10-01	medjugorje la pelicula european		no encontrado	sin candidato aceptable				
2018-07-12	mejor verano de mi vida el se realiza siguiendo el criterio de semanas cinematograficas		no encontrado	sin candidato aceptable				
2019-04-05	me llamo gennet rloa zsoe nreesa lpizaar asi ghuuiierndo el criterio de semanas cinematograficas		no encontrado	sin candidato aceptable				
2016-08-05	memoria del agua	27113	media	titulo fuerte; fecha cercana (2 dias)	1.0		03/08/2016	https://sede.mcu.gob.es/CatalogoICAA/es-es/Peliculas/Detalle?Pelicula=27113
2025-02-20	memoria inmortal		no encontrado	sin candidato aceptable				
2022-09-07	memorias del angel caido se realiza siguiendo el criterio de semanas cinematograficas		no encontrado	sin candidato aceptable				
2023-10-23	memorias rotas se realiza siguiendo el criterio de semanas cinematograficas		no encontrado	sin candidato aceptable				
2025-03-13	menor de los hermanos el oscar		no encontrado	sin candidato aceptable				
2015-12-04	menudos heroes		no encontrado	sin candidato aceptable				
2025-04-01	mercenario		no encontrado	sin candidato aceptable				
2020-10-23	meseta		no encontrado	sin candidato aceptable				
2018-10-19	m esperaras		no encontrado	sin candidato aceptable				
2023-11-01	mestra la ambra		no encontrado	sin candidato aceptable				
2022-10-20	metamorphosis		no encontrado	sin candidato aceptable				
2024-08-30	metodo farrer		no encontrado	sin candidato aceptable				
2024-02-20	metralla de amor		no encontrado	sin candidato aceptable				
2023-09-30	mi barrio vallecas		no encontrado	sin candidato aceptable				
2024-05-09	micropolis		no encontrado	sin candidato aceptable				
2025-03-31	miguel hernandez		no encontrado	sin candidato aceptable				
2016-12-02	miguel picazo un cineasta extramuros		no encontrado	sin candidato aceptable				
2025-05-30	miguel velazquez el catedratico del ring moon		no encontrado	sin candidato aceptable				
2019-01-31	milicianas		no encontrado	sin candidato aceptable				
2025-01-24	miocardio	31322	media	titulo fuerte; fecha cercana (2 dias)	1.0	MIOCARDIO	22/01/2025	https://sede.mcu.gob.es/CatalogoICAA/es-es/Peliculas/Detalle?Pelicula=31322
2021-06-27	mi profesor		no encontrado	sin candidato aceptable				
2023-03-10	mi querida senorita		no encontrado	sin candidato aceptable				
2025-07-30	miralles	53421	media	titulo fuerte; fecha cercana (34 dias)	1.0	MIRALLES	02/09/2025	https://sede.mcu.gob.es/CatalogoICAA/es-es/Peliculas/Detalle?Pelicula=53421
2025-05-21	mirande		no encontrado	sin candidato aceptable				
2018-11-30	miriam miente paco		no encontrado	sin candidato aceptable				
2021-12-03	mironins la pelicula		no encontrado	sin candidato aceptable				
2025-03-21	misericordia		no encontrado	sin candidato aceptable				
2023-09-29	mision a marte		no encontrado	sin candidato aceptable				
2018-04-06	miss dali els		no encontrado	sin candidato aceptable				
2018-11-23	misterio del padre pio el european		no encontrado	sin candidato aceptable				
2016-11-11	mi valle		no encontrado	sin candidato aceptable				
2019-12-10	moira		no encontrado	sin candidato aceptable				
2025-12-03	molino		no encontrado	sin candidato aceptable				
2023-12-06	momonsters la pelicula notorious		no encontrado	sin candidato aceptable				
2017-05-12	money		no encontrado	sin candidato aceptable				
2020-10-29	monica naranjo la huella de la pantera		no encontrado	sin candidato aceptable				
2025-09-18	montserrat entre la roca y el conflicto		no encontrado	sin candidato aceptable				
2024-10-26	montserrat integral 107		no encontrado	sin candidato aceptable				
2020-09-16	monumental		no encontrado	sin candidato aceptable				
2025-05-15	morente barcelona		no encontrado	sin candidato aceptable				
2017-10-06	morir		no encontrado	sin candidato aceptable				
2021-08-20	moros y cristianos		no encontrado	sin candidato aceptable				
2025-02-07	mucha mierda	11622	alta	titulo y fecha exactos	1.0	MUCHA MIERDA	07/02/2025	https://sede.mcu.gob.es/CatalogoICAA/es-es/Peliculas/Detalle?Pelicula=11622
2018-10-05	mudar la piel margenes		no encontrado	sin candidato aceptable				
2023-12-29	muerte de un ciclista		no encontrado	sin candidato aceptable				
2016-01-14	muerte en la alcarria		no encontrado	sin candidato aceptable				
2025-09-28	muerte tenia un precio		no encontrado	sin candidato aceptable				
2019-05-24	muga deitzen da pauso		no encontrado	sin candidato aceptable				
2020-10-23	mujer con unas alas tremendas		no encontrado	sin candidato aceptable				
2019-01-18	mujeres de coque malla		no encontrado	sin candidato aceptable				
2020-10-23	mujeres de cristal		no encontrado	sin candidato aceptable				
2021-06-24	mujeres de sal hombres de humo		no encontrado	sin candidato aceptable				
2023-06-09	mujeres olvidadas	81319	alta	titulo y fecha exactos	1.0	MUJERES OLVIDADAS	09/06/2023	https://sede.mcu.gob.es/CatalogoICAA/es-es/Peliculas/Detalle?Pelicula=81319
2020-12-11	mujer ilegal		no encontrado	sin candidato aceptable				
2022-09-27	mundo de jacques demy		no encontrado	sin candidato aceptable				
2012-06-22	mundo es nuestro		no encontrado	sin candidato aceptable				
2022-03-18	mundo es vuestro el entertainment	20922	alta	titulo y fecha exactos	1.0	EL MUNDO ES VUESTRO	18/03/2022	https://sede.mcu.gob.es/CatalogoICAA/es-es/Peliculas/Detalle?Pelicula=20922
2025-06-12	munequita linda		no encontrado	sin candidato aceptable				
2017-11-17	murillo el ultimo viaje		no encontrado	sin candidato aceptable				
2019-05-09	musica en las manos jesus lopez cobos		no encontrado	sin candidato aceptable				
2024-08-14	musical de los 80 a los 90 el maravillas		no encontrado	sin candidato aceptable				
2025-04-11	muy lejos		no encontrado	sin candidato aceptable				
2020-12-11	my mexican bretzel avalon se realiza siguiendo el criterio de semanas cinematograficas		no encontrado	sin candidato aceptable				
2020-11-20	mystery of the pink flamingo the versus		no encontrado	sin candidato aceptable				
2023-06-30	nacer por nacer		no encontrado	sin candidato aceptable				
2014-12-12	nacido en gaza	145714	alta	titulo y fecha exactos	1.0		12/12/2014	https://sede.mcu.gob.es/CatalogoICAA/es-es/Peliculas/Detalle?Pelicula=145714
2021-03-26	nacion	177620	media	titulo fuerte; fecha cercana (5 dias)	1.0	NACIÓN	21/03/2021	https://sede.mcu.gob.es/CatalogoICAA/es-es/Peliculas/Detalle?Pelicula=177620
2025-05-21	nada		no encontrado	sin candidato aceptable				
2022-03-03	nanas de la cebolla		no encontrado	sin candidato aceptable				
2020-11-13	nanga parbat la montana desnuda		no encontrado	sin candidato aceptable				
2022-08-25	nannys night the		no encontrado	sin candidato aceptable				
2023-06-09	nato 0 el origen del mal		no encontrado	sin candidato aceptable				
2023-05-12	naturaleza de lo extraordinario		no encontrado	sin candidato aceptable				
2023-07-27	naturaleza muerta sexy sadie		no encontrado	sin candidato aceptable				
2025-09-05	naufrafados os		no encontrado	sin candidato aceptable				
2015-03-13	negociador		no encontrado	sin candidato aceptable				
2023-06-04	negociadores los como construir la paz		no encontrado	sin candidato aceptable				
2025-06-07	negro liimbo		no encontrado	sin candidato aceptable				
2022-03-25	negros los european		no encontrado	sin candidato aceptable				
2025-06-06	negro tiene nombre		no encontrado	sin candidato aceptable				
2025-10-27	nena		no encontrado	sin candidato aceptable				
2021-10-20	neskatoak		no encontrado	sin candidato aceptable				
2021-04-29	nicaragua patria libre para vivir		no encontrado	sin candidato aceptable				
2022-10-29	nightclubbing the birth of punk rock in nyc		no encontrado	sin candidato aceptable				
2016-07-29	night watchman la mina the		no encontrado	sin candidato aceptable				
2024-05-10	nina	103721	media	titulo fuerte; fecha cercana (2 dias)	1.0	NINA	08/05/2024	https://sede.mcu.gob.es/CatalogoICAA/es-es/Peliculas/Detalle?Pelicula=103721
2025-04-11	nina de la cabra la avalon		no encontrado	sin candidato aceptable				
2020-09-04	ninas		no encontrado	sin candidato aceptable				
2025-05-27	ninas de arena		no encontrado	sin candidato aceptable				
2018-05-11	ninato margenes		no encontrado	sin candidato aceptable				
2025-02-13	noah		no encontrado	sin candidato aceptable				
2021-11-19	noche		no encontrado	sin candidato aceptable				
2025-10-28	noche del terror	240925	revisar	titulo fuerte; fecha distinta o ausente	1.0	NOCHE DEL TERROR	26/03/2026	https://sede.mcu.gob.es/CatalogoICAA/es-es/Peliculas/Detalle?Pelicula=240925
2022-10-19	no es bueno que el hombre este solo		no encontrado	sin candidato aceptable				
2015-10-02	no estamos solos	62914	alta	titulo y fecha exactos	1.0		02/10/2015	https://sede.mcu.gob.es/CatalogoICAA/es-es/Peliculas/Detalle?Pelicula=62914
2025-11-13	no estas loca		no encontrado	sin candidato aceptable				
2021-11-02	no hay nadie		no encontrado	sin candidato aceptable				
2021-12-10	no hay piedad para los condenados		no encontrado	sin candidato aceptable				
2021-09-03	nora		no encontrado	sin candidato aceptable				
2025-01-17	norbert		no encontrado	sin candidato aceptable				
2021-06-17	no se apaguen las estrellas		no encontrado	sin candidato aceptable				
2018-10-18	nosotros		no encontrado	sin candidato aceptable				
2022-06-17	nosotros no nos mataremos con pistolas		no encontrado	sin candidato aceptable				
2024-06-28	nos parecia importante		no encontrado	sin candidato aceptable				
2025-06-04	nos va la marcha		no encontrado	sin candidato aceptable				
2011-04-29	no tengas miedo		no encontrado	sin candidato aceptable				
2017-05-25	no un cuento flamenco		no encontrado	sin candidato aceptable				
2015-11-06	novatos		no encontrado	sin candidato aceptable				
2018-03-02	nove de novembro		no encontrado	sin candidato aceptable				
2015-12-11	novia		no encontrado	sin candidato aceptable				
2015-12-11	novia la s 1e9 r7e5a llizaa ssigpuainean ddoe eflr carnitceor ieon d ceo sloemr anas cinematograficas e		no encontrado	sin candidato aceptable				
2025-02-06	noviembre		no encontrado	sin candidato aceptable				
2022-07-22	novio para mi mujer		no encontrado	sin candidato aceptable				
2025-06-21	nubes y claros		no encontrado	sin candidato aceptable				
2024-09-06	nueva tierra		no encontrado	sin candidato aceptable				
2021-11-19	nueve sevillas		no encontrado	sin candidato aceptable				
2022-09-30	objetos		no encontrado	sin candidato aceptable				
2025-03-11	ocana retrato intermitente		no encontrado	sin candidato aceptable				
2021-03-18	occidente		no encontrado	sin candidato aceptable				
2020-09-18	ofrenda		no encontrado	sin candidato aceptable				
2015-12-11	o futebol		no encontrado	sin candidato aceptable				
2016-11-18	oh quina joia		no encontrado	sin candidato aceptable				
2021-12-01	ojala manana		no encontrado	sin candidato aceptable				
2019-07-19	ojos negros		no encontrado	sin candidato aceptable				
2025-11-21	olivia y el terremoto invisible		no encontrado	sin candidato aceptable				
2016-05-06	olivo		no encontrado	sin candidato aceptable				
2016-05-06	olivo el entertainment		no encontrado	sin candidato aceptable				
2022-06-30	olvidados		no encontrado	sin candidato aceptable				
2021-03-26	olvido y leon		no encontrado	sin candidato aceptable				
2021-06-25	ombligo		no encontrado	sin candidato aceptable				
2021-02-12	ombligo de guie dani		no encontrado	sin candidato aceptable				
2016-11-18	omega		no encontrado	sin candidato aceptable				
2016-11-18	omega avalon		no encontrado	sin candidato aceptable				
2024-06-28	on the go jur		no encontrado	sin candidato aceptable				
2019-03-22	onyx los reyes del grial european		no encontrado	sin candidato aceptable				
2023-07-25	operacion brooklyn		no encontrado	sin candidato aceptable				
2025-06-19	orandi		no encontrado	sin candidato aceptable				
2018-09-28	oreina		no encontrado	sin candidato aceptable				
2017-11-09	oro		no encontrado	sin candidato aceptable				
2020-09-14	oro rojo		no encontrado	sin candidato aceptable				
2022-04-08	orquesta terrestre		no encontrado	sin candidato aceptable				
2023-05-25	orrit		no encontrado	sin candidato aceptable				
2024-09-13	os reviento the		no encontrado	sin candidato aceptable				
2025-10-09	otros		no encontrado	sin candidato aceptable				
2018-07-05	out of plastics		no encontrado	sin candidato aceptable				
2019-01-25	overbooking		no encontrado	sin candidato aceptable				
2020-11-13	pacifico sur las otras guerras colombianas		no encontrado	sin candidato aceptable				
2014-10-24	paco de lucia busqueda		no encontrado	sin candidato aceptable				
2025-02-21	padres		no encontrado	sin candidato aceptable				
2018-02-19	palabra justa		no encontrado	sin candidato aceptable				
2018-02-19	palabra justa la se realiza siguiendo el criterio de semanas cinematograficas		no encontrado	sin candidato aceptable				
2021-10-29	palabra maldita		no encontrado	sin candidato aceptable				
2020-11-13	palabras para un fin del mundo imagine		no encontrado	sin candidato aceptable				
2025-04-14	palo		no encontrado	sin candidato aceptable				
2021-09-16	palomos		no encontrado	sin candidato aceptable				
2023-09-08	panda contra aliens		no encontrado	sin candidato aceptable				
2025-02-11	pantalones a la luna		no encontrado	sin candidato aceptable				
2021-11-05	panteras		no encontrado	sin candidato aceptable				
2025-12-05	papeles		no encontrado	sin candidato aceptable				
2017-09-01	parada en el infierno		no encontrado	sin candidato aceptable				
2022-11-04	para entrar a vivir		no encontrado	sin candidato aceptable				
2022-05-14	para que sirven las canciones de amor		no encontrado	sin candidato aceptable				
2022-02-25	parasceve retrato de una semana santa european		no encontrado	sin candidato aceptable				
2019-12-13	parking		no encontrado	sin candidato aceptable				
2024-12-12	parque		no encontrado	sin candidato aceptable				
2022-02-18	pasajera		no encontrado	sin candidato aceptable				
2025-05-07	pascual duarte		no encontrado	sin candidato aceptable				
2021-09-09	pasion por el cine trio musical		no encontrado	sin candidato aceptable				
2021-10-01	pasion segun pep amores		no encontrado	sin candidato aceptable				
2022-06-25	passion		no encontrado	sin candidato aceptable				
2017-07-07	pastor		no encontrado	sin candidato aceptable				
2020-11-27	pa tras ni pa tomar impulso		no encontrado	sin candidato aceptable				
2017-06-09	patria		no encontrado	sin candidato aceptable				
2021-05-02	patrimonio nacional		no encontrado	sin candidato aceptable				
2023-05-26	pecera		no encontrado	sin candidato aceptable				
2022-07-26	pedra i oli		no encontrado	sin candidato aceptable				
2024-02-14	pelicula del hierro y la nieve		no encontrado	sin candidato aceptable				
2024-10-09	peluquero romantico		no encontrado	sin candidato aceptable				
2018-09-14	penelope		no encontrado	sin candidato aceptable				
2021-11-24	penitencia		no encontrado	sin candidato aceptable				
2023-11-17	people fuck you know cineand		no encontrado	sin candidato aceptable				
2024-09-06	pepi fandango moon		no encontrado	sin candidato aceptable				
2017-01-29	pepi luci bom y otras chicas del monton		no encontrado	sin candidato aceptable				
2019-04-26	pequena suiza la entertainment		no encontrado	sin candidato aceptable				
2025-06-17	pequeno peon		no encontrado	sin candidato aceptable				
2016-12-02	perdido		no encontrado	sin candidato aceptable				
2020-02-07	perdido lo		no encontrado	sin candidato aceptable				
2022-07-26	pere joan		no encontrado	sin candidato aceptable				
2019-03-22	peret yo soy la rumba		no encontrado	sin candidato aceptable				
2019-12-05	perseides les		no encontrado	sin candidato aceptable				
2023-02-17	persona humana phoenix		no encontrado	sin candidato aceptable				
2017-04-14	pessoa lisboa		no encontrado	sin candidato aceptable				
2018-10-19	petra		no encontrado	sin candidato aceptable				
2022-02-04	petra de san jose european		no encontrado	sin candidato aceptable				
2018-10-19	petra sdeo srealiza siguiendo el criterio de semanas cinematograficas margenes		no encontrado	sin candidato aceptable				
2020-12-18	pica pica musical especial navidad		no encontrado	sin candidato aceptable				
2022-06-17	pico reja phoenix		no encontrado	sin candidato aceptable				
2021-12-12	piedra patria		no encontrado	sin candidato aceptable				
2021-12-12	piedra patria se realiza siguiendo el criterio de semanas cinematograficas		no encontrado	sin candidato aceptable				
2021-05-21	piel del volcan la		no encontrado	sin candidato aceptable				
2017-10-20	piel fria		no encontrado	sin candidato aceptable				
2024-11-15	piezas maravillas		no encontrado	sin candidato aceptable				
2015-09-18	pikadero		no encontrado	sin candidato aceptable				
2025-03-28	piko pala		no encontrado	sin candidato aceptable				
2022-10-20	pim pam pum fuego		no encontrado	sin candidato aceptable				
2019-03-14	pionero		no encontrado	sin candidato aceptable				
2020-07-24	piramides murcianas		no encontrado	sin candidato aceptable				
2016-12-23	pixi post y los genios de navidad		no encontrado	sin candidato aceptable				
2018-12-03	placido		no encontrado	sin candidato aceptable				
2026-01-19	placido avalon		no encontrado	sin candidato aceptable				
2021-11-28	planeta		no encontrado	sin candidato aceptable				
2020-01-31	planeta 5000 cosmo		no encontrado	sin candidato aceptable				
2023-07-13	plata quemada		no encontrado	sin candidato aceptable				
2022-09-06	platillos volantes		no encontrado	sin candidato aceptable				
2021-10-08	platon		no encontrado	sin candidato aceptable				
2015-10-09	playa de los ahogados		no encontrado	sin candidato aceptable				
2018-06-23	pocoyo tu primera pelicula		no encontrado	sin candidato aceptable				
2016-06-03	politica manual de instrucciones		no encontrado	sin candidato aceptable				
2016-11-25	pols		no encontrado	sin candidato aceptable				
2024-11-15	polvo seran se realiza siguiendo el criterio de semanas cinematograficas		no encontrado	sin candidato aceptable				
2022-08-12	por los pelos		no encontrado	sin candidato aceptable				
2023-04-04	por un punado de dolares		no encontrado	sin candidato aceptable				
2018-09-13	posible y lo necesario lo		no encontrado	sin candidato aceptable				
2021-06-01	post mortem		no encontrado	sin candidato aceptable				
2016-03-18	pregon		no encontrado	sin candidato aceptable				
2023-02-14	prima angelica la se realiza siguiendo el criterio de semanas cinematograficas		no encontrado	sin candidato aceptable				
2024-10-15	primavera		no encontrado	sin candidato aceptable				
2019-05-01	primera cita		no encontrado	sin candidato aceptable				
2021-12-10	primera mujer		no encontrado	sin candidato aceptable				
2011-02-04	primos		no encontrado	sin candidato aceptable				
2024-01-15	procura da estrela a		no encontrado	sin candidato aceptable				
2017-06-02	promesa		no encontrado	sin candidato aceptable				
2015-10-30	propaganda game the		no encontrado	sin candidato aceptable				
2024-11-03	protagonistes		no encontrado	sin candidato aceptable				
2016-10-21	proxima piel		no encontrado	sin candidato aceptable				
2020-10-02	puedes oirme paco		no encontrado	sin candidato aceptable				
2016-04-29	punta del iceberg		no encontrado	sin candidato aceptable				
2025-12-12	queer me		no encontrado	sin candidato aceptable				
2019-02-09	que he hecho yo para merecer esto 1984		no encontrado	sin candidato aceptable				
2014-10-10	queridos monstruos		no encontrado	sin candidato aceptable				
2022-11-25	que sabemos lo		no encontrado	sin candidato aceptable				
2025-11-11	que se avecina evento especial		no encontrado	sin candidato aceptable				
2024-11-15	que se sepa		no encontrado	sin candidato aceptable				
2024-12-05	quien es quien		no encontrado	sin candidato aceptable				
2025-09-06	quieres salir puedes entrar		no encontrado	sin candidato aceptable				
2021-03-20	quince		no encontrado	sin candidato aceptable				
2016-06-03	quizas		no encontrado	sin candidato aceptable				
2022-09-10	rabia kontra la makina		no encontrado	sin candidato aceptable				
2022-11-25	ramona		no encontrado	sin candidato aceptable				
2024-03-22	rapa		no encontrado	sin candidato aceptable				
2022-06-28	raphaelismo		no encontrado	sin candidato aceptable				
2022-06-15	raymond roussel el dia de gloria		no encontrado	sin candidato aceptable				
2021-04-04	rebeldes del nom		no encontrado	sin candidato aceptable				
2018-09-24	rebel the		no encontrado	sin candidato aceptable				
2007-11-23	rec		no encontrado	sin candidato aceptable				
2022-12-16	reflejos mortales sheridan s		no encontrado	sin candidato aceptable				
2025-07-29	refugios de papel		no encontrado	sin candidato aceptable				
2023-01-27	regreso a raqqa		no encontrado	sin candidato aceptable				
2018-10-29	reina arte entre latidos		no encontrado	sin candidato aceptable				
2017-03-16	reina de la zarzuela		no encontrado	sin candidato aceptable				
2024-04-17	reina mora		no encontrado	sin candidato aceptable				
2018-09-28	reino		no encontrado	sin candidato aceptable				
2024-09-24	reir cantar tal vez llorar		no encontrado	sin candidato aceptable				
2017-10-09	remo a		no encontrado	sin candidato aceptable				
2019-11-15	renacidos el padre pio cambio sus vidas european		no encontrado	sin candidato aceptable				
2021-03-18	reportero		no encontrado	sin candidato aceptable				
2025-05-16	requiem for a tribe		no encontrado	sin candidato aceptable				
2015-06-04	requisitos para ser una persona normal		no encontrado	sin candidato aceptable				
2025-01-21	reset capitulo 1 ulpotha		no encontrado	sin candidato aceptable				
2024-06-07	respira mama		no encontrado	sin candidato aceptable				
2024-09-22	restoration the		no encontrado	sin candidato aceptable				
2024-11-29	restos del pasar los les		no encontrado	sin candidato aceptable				
2023-04-22	retablo de las maravillas apuntes para una pelicula sobre el quijote		no encontrado	sin candidato aceptable				
2021-05-27	retorno el la vida despues del isis		no encontrado	sin candidato aceptable				
2016-05-27	retrato de aida		no encontrado	sin candidato aceptable				
2016-02-05	reverso		no encontrado	sin candidato aceptable				
2024-06-13	revoltosa		no encontrado	sin candidato aceptable				
2025-06-13	rider		no encontrado	sin candidato aceptable				
2017-04-06	rigoletto		no encontrado	sin candidato aceptable				
2023-11-10	rioja la tierra de los mil vinos		no encontrado	sin candidato aceptable				
2023-05-13	ritos sexuales del diablo		no encontrado	sin candidato aceptable				
2018-10-25	robe bienvenidos al temporal		no encontrado	sin candidato aceptable				
2015-04-22	robles duelo al sol		no encontrado	sin candidato aceptable				
2024-12-13	rock bottom avalon		no encontrado	sin candidato aceptable				
2019-10-31	rodriguez y el mas alla los european		no encontrado	sin candidato aceptable				
2025-11-20	rojo clavel		no encontrado	sin candidato aceptable				
2020-09-09	rol rol		no encontrado	sin candidato aceptable				
2020-12-11	rosalinda		no encontrado	sin candidato aceptable				
2016-11-25	rotas		no encontrado	sin candidato aceptable				
2025-12-13	rotspanier los esclavos espanoles del nazismo		no encontrado	sin candidato aceptable				
2020-10-19	rubens el espectaculo de la vida		no encontrado	sin candidato aceptable				
2025-11-28	ruido		no encontrado	sin candidato aceptable				
2021-06-04	rural cops		no encontrado	sin candidato aceptable				
2018-04-19	rusa		no encontrado	sin candidato aceptable				
2025-10-24	ruta vol 2 ibiza		no encontrado	sin candidato aceptable				
2022-12-09	sabater d ordis		no encontrado	sin candidato aceptable				
2017-09-01	sabates grosses		no encontrado	sin candidato aceptable				
2021-11-05	sacar a la luz la memoria de las artistas rapadas		no encontrado	sin candidato aceptable				
2016-07-22	sacramento		no encontrado	sin candidato aceptable				
2024-03-19	sagrada familia		no encontrado	sin candidato aceptable				
2016-01-15	salir de casa		no encontrado	sin candidato aceptable				
2024-07-21	salon		no encontrado	sin candidato aceptable				
2024-04-12	salto		no encontrado	sin candidato aceptable				
2017-06-09	salvacion		no encontrado	sin candidato aceptable				
2021-03-09	salvador dali diarios de juventud		no encontrado	sin candidato aceptable				
2023-04-20	salvador segui historia de un anarcosindicalista		no encontrado	sin candidato aceptable				
2022-05-06	salvajes el cuento del lobo		no encontrado	sin candidato aceptable				
2022-06-09	salvar tenerife		no encontrado	sin candidato aceptable				
2024-10-02	salvaxe salvaxe se realiza siguiendo el criterio de semanas cinematograficas		no encontrado	sin candidato aceptable				
2022-06-21	sandedro		no encontrado	sin candidato aceptable				
2025-12-03	sangre sudor y alegria		no encontrado	sin candidato aceptable				
2025-10-24	san simon		no encontrado	sin candidato aceptable				
2016-05-27	santa fiesta		no encontrado	sin candidato aceptable				
2019-03-22	sant marti		no encontrado	sin candidato aceptable				
2020-10-15	santos inocentes		no encontrado	sin candidato aceptable				
2015-12-15	santuaris de l antifranquisme		no encontrado	sin candidato aceptable				
2018-04-19	sanz lo que fui es lo que soy avalon		no encontrado	sin candidato aceptable				
2016-11-11	sarasate el rey del violin		no encontrado	sin candidato aceptable				
2017-06-02	sasha		no encontrado	sin candidato aceptable				
2024-10-04	saturno les		no encontrado	sin candidato aceptable				
2024-11-20	sau la memoria sumergida		no encontrado	sin candidato aceptable				
2017-11-03	saura		no encontrado	sin candidato aceptable				
2015-11-01	second act of elliott murphy the		no encontrado	sin candidato aceptable				
2022-09-06	secreto del doctor grinberg		no encontrado	sin candidato aceptable				
2023-05-06	secta siniestra		no encontrado	sin candidato aceptable				
2023-11-17	secundarias		no encontrado	sin candidato aceptable				
2025-05-09	secundarias moon		no encontrado	sin candidato aceptable				
2025-12-03	seduccion de caos		no encontrado	sin candidato aceptable				
2015-10-09	segundo origen		no encontrado	sin candidato aceptable				
2021-12-02	segundos fuera		no encontrado	sin candidato aceptable				
2025-05-29	sekeleka ciudad refugio		no encontrado	sin candidato aceptable				
2019-02-01	semana santa		no encontrado	sin candidato aceptable				
2024-02-14	sembrando suenos enciende		no encontrado	sin candidato aceptable				
2023-04-18	sender barayon viaje hacia la luz		no encontrado	sin candidato aceptable				
2025-05-15	senor llevame pronto		no encontrado	sin candidato aceptable				
2025-11-14	sense filtres		no encontrado	sin candidato aceptable				
2020-10-30	sentimental		no encontrado	sin candidato aceptable				
2023-10-06	septiembre		no encontrado	sin candidato aceptable				
2025-07-14	se quien eres		no encontrado	sin candidato aceptable				
2024-06-07	sergi mingote k2 invernal		no encontrado	sin candidato aceptable				
2018-04-20	sergio serguei		no encontrado	sin candidato aceptable				
2013-09-27	serrat y sabina el simbolo y el cuate		no encontrado	sin candidato aceptable				
2024-02-15	sexo drogas rock n roll y politica instituto santamarca 1975 1985		no encontrado	sin candidato aceptable				
2016-06-03	sexo maracas y chuhuahuas		no encontrado	sin candidato aceptable				
2023-02-24	shooting for mirza margenes		no encontrado	sin candidato aceptable				
2023-05-19	sica		no encontrado	sin candidato aceptable				
2020-07-17	siempre es otono phoenix		no encontrado	sin candidato aceptable				
2021-06-10	siempre jueves		no encontrado	sin candidato aceptable				
2023-06-20	siete mesas de billar frances		no encontrado	sin candidato aceptable				
2017-03-10	signo de caronte		no encontrado	sin candidato aceptable				
2014-01-17	sigo siendo		no encontrado	sin candidato aceptable				
2025-11-15	silencio		no encontrado	sin candidato aceptable				
2024-06-08	silencio antes de bach		no encontrado	sin candidato aceptable				
2020-01-01	silencio del pantano el entertainment		no encontrado	sin candidato aceptable				
2018-02-18	silencio roto		no encontrado	sin candidato aceptable				
2021-06-03	sindrome inverso de ebenezer scrooge		no encontrado	sin candidato aceptable				
2025-01-10	sinel moon		no encontrado	sin candidato aceptable				
2018-10-31	sin fin		no encontrado	sin candidato aceptable				
2023-01-18	sinfonia por un nuevo mundo		no encontrado	sin candidato aceptable				
2023-11-10	singla		no encontrado	sin candidato aceptable				
2018-06-14	singled		no encontrado	sin candidato aceptable				
2021-12-03	sin limite		no encontrado	sin candidato aceptable				
2018-04-20	sin miedo		no encontrado	sin candidato aceptable				
2018-05-31	sin novedad		no encontrado	sin candidato aceptable				
2022-03-09	sinsombrero		no encontrado	sin candidato aceptable				
2019-12-20	sin techo		no encontrado	sin candidato aceptable				
2022-11-17	sintiendolo mucho avalon		no encontrado	sin candidato aceptable				
2022-11-17	sintiendolo mucho se realiza siguiendo el criterio de semanas cinematograficas		no encontrado	sin candidato aceptable				
2022-06-03	sin ti no puedo		no encontrado	sin candidato aceptable				
2025-06-06	sirat trance en el desierto		no encontrado	sin candidato aceptable				
2021-12-03	sis dies corrents		no encontrado	sin candidato aceptable				
2017-11-03	sistema solar		no encontrado	sin candidato aceptable				
2023-05-12	slasher		no encontrado	sin candidato aceptable				
2025-05-13	sleeper the el caravaggio perdido		no encontrado	sin candidato aceptable				
2017-04-07	smoking club 129 normas		no encontrado	sin candidato aceptable				
2023-05-19	sola		no encontrado	sin candidato aceptable				
2022-11-22	solas		no encontrado	sin candidato aceptable				
2022-12-16	sol del membrillo el se realiza siguiendo el criterio de semanas cinematograficas		no encontrado	sin candidato aceptable				
2025-11-28	solo pienso en ti		no encontrado	sin candidato aceptable				
2024-09-20	solos en la noche		no encontrado	sin candidato aceptable				
2017-10-12	solo se vive una vez		no encontrado	sin candidato aceptable				
2021-06-11	solo una vez		no encontrado	sin candidato aceptable				
2021-06-25	sombra la phoenix		no encontrado	sin candidato aceptable				
2025-11-14	sonando con leones		no encontrado	sin candidato aceptable				
2016-01-13	sonido pamplona		no encontrado	sin candidato aceptable				
2021-04-15	sopar		no encontrado	sin candidato aceptable				
2019-09-13	sordo		no encontrado	sin candidato aceptable				
2016-04-07	sorolla la emocion del natural		no encontrado	sin candidato aceptable				
2018-10-07	sotobosque		no encontrado	sin candidato aceptable				
2021-04-08	spitsbergen el guardian del artico		no encontrado	sin candidato aceptable				
2023-12-15	splendid hotel rimbaud en africa		no encontrado	sin candidato aceptable				
2024-11-15	stay homas la banda que no deberia existir		no encontrado	sin candidato aceptable				
2013-11-08	stockholm		no encontrado	sin candidato aceptable				
2021-06-09	stop		no encontrado	sin candidato aceptable				
2022-07-15	storm		no encontrado	sin candidato aceptable				
2020-12-18	stormy night a		no encontrado	sin candidato aceptable				
2021-05-07	subterraneos		no encontrado	sin candidato aceptable				
2023-05-11	sucro		no encontrado	sin candidato aceptable				
2015-09-24	suenos de sal		no encontrado	sin candidato aceptable				
2022-09-08	sufre mamon		no encontrado	sin candidato aceptable				
2020-01-10	suite nupcial la versus		no encontrado	sin candidato aceptable				
2025-07-18	sumak kawsay el buen vivir tiempos		no encontrado	sin candidato aceptable				
2024-03-15	summers el rebelde maravillas		no encontrado	sin candidato aceptable				
2025-09-19	sunu gaal moon		no encontrado	sin candidato aceptable				
2025-12-05	supernatural		no encontrado	sin candidato aceptable				
2022-11-02	sur		no encontrado	sin candidato aceptable				
2021-05-28	surcos phoenix		no encontrado	sin candidato aceptable				
2025-02-25	tamano del corazon		no encontrado	sin candidato aceptable				
2024-09-27	tara		no encontrado	sin candidato aceptable				
2025-09-23	tasio		no encontrado	sin candidato aceptable				
2017-05-05	tea sangria		no encontrado	sin candidato aceptable				
2020-02-13	teatro real turandot		no encontrado	sin candidato aceptable				
2023-03-21	techo del mundo		no encontrado	sin candidato aceptable				
2021-05-28	tecido resistente		no encontrado	sin candidato aceptable				
2017-05-26	tempo		no encontrado	sin candidato aceptable				
2016-02-26	tenemos que hablar		no encontrado	sin candidato aceptable				
2023-11-24	teoria dels cossos		no encontrado	sin candidato aceptable				
2025-11-14	te protegeran mis alas maravillas		no encontrado	sin candidato aceptable				
2022-11-25	tequila sexo drogas y rock roll		no encontrado	sin candidato aceptable				
2024-02-14	terapia de parejas urresti		no encontrado	sin candidato aceptable				
2015-12-11	tercer grado		no encontrado	sin candidato aceptable				
2015-12-11	tercer grado total		no encontrado	sin candidato aceptable				
2023-11-24	teresa		no encontrado	sin candidato aceptable				
2018-04-07	ternura y la tercera persona		no encontrado	sin candidato aceptable				
2021-10-08	terremoto		no encontrado	sin candidato aceptable				
2024-03-09	teselas el poder transformador del viaje		no encontrado	sin candidato aceptable				
2025-09-07	tesis		no encontrado	sin candidato aceptable				
2022-09-02	test		no encontrado	sin candidato aceptable				
2018-01-12	thi mai rumbo a vietnam se realiza siguiendo el criterio de semanas cinematograficas		no encontrado	sin candidato aceptable				
2024-02-20	tiempo de silencio		no encontrado	sin candidato aceptable				
2018-12-28	tiempo despues entertainment		no encontrado	sin candidato aceptable				
2022-10-22	tiempo de tormenta		no encontrado	sin candidato aceptable				
2020-07-17	tiempo precioso		no encontrado	sin candidato aceptable				
2021-03-05	tiempos de deseo		no encontrado	sin candidato aceptable				
2025-01-31	tierra baja		no encontrado	sin candidato aceptable				
2024-11-22	tierra de atlantes		no encontrado	sin candidato aceptable				
2017-11-24	tierra firme		no encontrado	sin candidato aceptable				
2017-11-24	tierra firme avalon		no encontrado	sin candidato aceptable				
2025-05-15	tierra normal		no encontrado	sin candidato aceptable				
2018-03-27	tierra quemada		no encontrado	sin candidato aceptable				
2021-05-21	tierra santa el ultimo peregrino european		no encontrado	sin candidato aceptable				
2023-05-10	tierra y libertad		no encontrado	sin candidato aceptable				
2018-05-29	tigernut la patria de las mujeres integras		no encontrado	sin candidato aceptable				
2025-06-04	tigres de papel		no encontrado	sin candidato aceptable				
2023-03-31	tin tina		no encontrado	sin candidato aceptable				
2024-06-21	tivoli		no encontrado	sin candidato aceptable				
2018-11-09	toca y pasa el balon versus		no encontrado	sin candidato aceptable				
2010-12-10	todas las canciones hablan de mi		no encontrado	sin candidato aceptable				
2021-05-14	todas las lunas		no encontrado	sin candidato aceptable				
2013-10-18	todas las mujeres		no encontrado	sin candidato aceptable				
2018-11-24	todas las mujeres que conozco		no encontrado	sin candidato aceptable				
2023-05-26	toda una vida		no encontrado	sin candidato aceptable				
2021-09-05	todo a la vez		no encontrado	sin candidato aceptable				
2017-04-28	todo mujer		no encontrado	sin candidato aceptable				
2020-12-09	todos a la carcel		no encontrado	sin candidato aceptable				
2016-07-08	todo saldra bien		no encontrado	sin candidato aceptable				
2023-09-12	todos contra mi		no encontrado	sin candidato aceptable				
2022-12-28	todos lo hacen se realiza siguiendo el criterio de semanas cinematograficas		no encontrado	sin candidato aceptable				
2019-01-11	todos los caminos		no encontrado	sin candidato aceptable				
2016-03-04	todos los caminos de dios		no encontrado	sin candidato aceptable				
2013-10-25	todos queremos lo mejor para ella		no encontrado	sin candidato aceptable				
2011-06-03	todos vosotros sois capitanes		no encontrado	sin candidato aceptable				
2022-10-28	tolyatti adrift		no encontrado	sin candidato aceptable				
2022-10-20	tormento		no encontrado	sin candidato aceptable				
2025-05-01	torre de los siete jorobados		no encontrado	sin candidato aceptable				
2025-05-23	tortuga		no encontrado	sin candidato aceptable				
2022-05-27	toscana		no encontrado	sin candidato aceptable				
2021-03-26	traidores		no encontrado	sin candidato aceptable				
2021-11-20	traje el algo mas que una leyenda		no encontrado	sin candidato aceptable				
2022-05-30	tramposos		no encontrado	sin candidato aceptable				
2021-10-15	transicion la de la dictadura a la democracia		no encontrado	sin candidato aceptable				
2023-09-22	tregua		no encontrado	sin candidato aceptable				
2021-11-05	tres		no encontrado	sin candidato aceptable				
2024-02-08	tres caminos a cadiz		no encontrado	sin candidato aceptable				
2023-05-09	tres muertes de teofilo del valle		no encontrado	sin candidato aceptable				
2018-03-16	tribu		no encontrado	sin candidato aceptable				
2019-10-31	trinchera infinita la entertainment		no encontrado	sin candidato aceptable				
2025-01-17	triptico		no encontrado	sin candidato aceptable				
2022-02-25	tros		no encontrado	sin candidato aceptable				
2025-12-01	tuentifourseven		no encontrado	sin candidato aceptable				
2018-11-09	tu hijo entertainment		no encontrado	sin candidato aceptable				
2024-08-02	tu madre o la mia guerra de suegras		no encontrado	sin candidato aceptable				
2025-06-29	tu me abrasas		no encontrado	sin candidato aceptable				
2025-10-25	tuno negro		no encontrado	sin candidato aceptable				
2024-10-31	tu sangre the		no encontrado	sin candidato aceptable				
2021-12-10	ultima cena		no encontrado	sin candidato aceptable				
2021-11-06	ultima cinta desde bosnia		no encontrado	sin candidato aceptable				
2023-05-12	ultima lidia la moon		no encontrado	sin candidato aceptable				
2020-11-08	ultima primavera		no encontrado	sin candidato aceptable				
2025-09-06	ultimo cuple		no encontrado	sin candidato aceptable				
2024-11-05	ultimo deseo		no encontrado	sin candidato aceptable				
2024-11-15	ultimos romanticos		no encontrado	sin candidato aceptable				
2022-02-18	ultimo tren al rock n roll		no encontrado	sin candidato aceptable				
2016-11-11	ultimo verano		no encontrado	sin candidato aceptable				
2017-09-29	ulu un latido universal		no encontrado	sin candidato aceptable				
2020-10-23	unblock cuba		no encontrado	sin candidato aceptable				
2025-11-11	unfixing the		no encontrado	sin candidato aceptable				
2023-06-30	unicornios		no encontrado	sin candidato aceptable				
2017-11-16	uno de los nuestros		no encontrado	sin candidato aceptable				
2020-09-18	uno para todos		no encontrado	sin candidato aceptable				
2023-05-05	unzue el ultimo equipo de juancar		no encontrado	sin candidato aceptable				
2022-04-12	u topos la utopia guarani jesuitica		no encontrado	sin candidato aceptable				
2024-09-27	vacances de mara les		no encontrado	sin candidato aceptable				
2022-12-19	val del omar poeta audiovisual		no encontrado	sin candidato aceptable				
2024-05-05	valencia 22 city of design		no encontrado	sin candidato aceptable				
2024-10-18	valenciana		no encontrado	sin candidato aceptable				
2024-06-07	valencia t estime		no encontrado	sin candidato aceptable				
2019-04-03	valentina ausartatxo klown		no encontrado	sin candidato aceptable				
2023-11-09	valhalla cielo de roca		no encontrado	sin candidato aceptable				
2025-02-27	valientes european		no encontrado	sin candidato aceptable				
2023-02-24	valle del concavenator		no encontrado	sin candidato aceptable				
2020-12-16	vaquilla		no encontrado	sin candidato aceptable				
2026-02-09	vaquilla la avalon		no encontrado	sin candidato aceptable				
2022-10-06	vasco		no encontrado	sin candidato aceptable				
2022-11-04	vasil		no encontrado	sin candidato aceptable				
2018-12-03	veintisiete		no encontrado	sin candidato aceptable				
2022-11-11	velazquez el poder y el arte		no encontrado	sin candidato aceptable				
2020-09-17	veneno		no encontrado	sin candidato aceptable				
2024-04-18	ventolera		no encontrado	sin candidato aceptable				
2022-12-02	venus		no encontrado	sin candidato aceptable				
2017-06-30	verano 1993 avalon		no encontrado	sin candidato aceptable				
2024-06-12	verbena de la paloma		no encontrado	sin candidato aceptable				
2023-03-10	vestida de azul		no encontrado	sin candidato aceptable				
2020-10-23	vez mas		no encontrado	sin candidato aceptable				
2021-07-02	viajante		no encontrado	sin candidato aceptable				
2021-06-28	viaje de carla		no encontrado	sin candidato aceptable				
2016-09-16	viaje de unai		no encontrado	sin candidato aceptable				
2021-12-19	viaje hacia nosotros		no encontrado	sin candidato aceptable				
2022-09-28	viaje mas largo		no encontrado	sin candidato aceptable				
2023-10-11	vida de brianeitor la notorious		no encontrado	sin candidato aceptable				
2024-06-13	vida empieza hoy		no encontrado	sin candidato aceptable				
2018-03-02	vida lliure		no encontrado	sin candidato aceptable				
2021-09-16	vida por delante		no encontrado	sin candidato aceptable				
2024-05-07	vida secreta de las palabras la se realiza siguiendo el criterio de semanas cinematograficas		no encontrado	sin candidato aceptable				
2006-01-05	vida y color		no encontrado	sin candidato aceptable				
2017-12-01	vida y nada mas		no encontrado	sin candidato aceptable				
2023-03-17	viejos		no encontrado	sin candidato aceptable				
2022-09-29	viento que nos mueve		no encontrado	sin candidato aceptable				
2023-07-14	viento sur		no encontrado	sin candidato aceptable				
2021-11-12	vientre del mar		no encontrado	sin candidato aceptable				
2022-06-03	vilas y sus dobles phoenix		no encontrado	sin candidato aceptable				
2020-02-18	vino el mundo y nosotros		no encontrado	sin candidato aceptable				
2025-09-20	violetera		no encontrado	sin candidato aceptable				
2023-04-10	viridiana		no encontrado	sin candidato aceptable				
2022-02-11	visitante		no encontrado	sin candidato aceptable				
2019-05-01	vitoria 3 de marzo		no encontrado	sin candidato aceptable				
2019-05-24	viva la vida		no encontrado	sin candidato aceptable				
2020-12-03	viva l opera manon		no encontrado	sin candidato aceptable				
2021-11-16	viva montesa la vida de un sueno		no encontrado	sin candidato aceptable				
2023-01-04	vivir sin pais el exilio rohingya phoenix		no encontrado	sin candidato aceptable				
2020-07-24	voces entertainment		no encontrado	sin candidato aceptable				
2021-11-13	voiceless el genocidio silenciado cosmo		no encontrado	sin candidato aceptable				
2025-11-12	voladura 76		no encontrado	sin candidato aceptable				
2021-03-20	volta 100 anos de ciclismo		no encontrado	sin candidato aceptable				
2021-10-06	volver		no encontrado	sin candidato aceptable				
2019-06-21	volver a la vida		no encontrado	sin candidato aceptable				
2025-01-13	volver a vivir		no encontrado	sin candidato aceptable				
2016-01-28	voyeur		no encontrado	sin candidato aceptable				
2018-07-27	vuelo de la paloma		no encontrado	sin candidato aceptable				
2024-11-15	waldo		no encontrado	sin candidato aceptable				
2025-10-23	walter benjamin el aura del camino		no encontrado	sin candidato aceptable				
2010-11-19	way the		no encontrado	sin candidato aceptable				
2024-07-09	we all play		no encontrado	sin candidato aceptable				
2024-09-30	witch story a		no encontrado	sin candidato aceptable				
2020-08-14	wojtyla la investigacion european		no encontrado	sin candidato aceptable				
2017-04-07	yerma		no encontrado	sin candidato aceptable				
2023-11-16	yerma 2030 la espana vacilada		no encontrado	sin candidato aceptable				
2015-11-13	yoko y sus amigos		no encontrado	sin candidato aceptable				
2021-03-20	yo mate a ralph greene		no encontrado	sin candidato aceptable				
2019-07-26	yo mi mujer y mi mujer muerta		no encontrado	sin candidato aceptable				
2019-02-11	young beautiful		no encontrado	sin candidato aceptable				
2018-08-31	yucatan		no encontrado	sin candidato aceptable				
2018-12-14	yuli entertainment		no encontrado	sin candidato aceptable				
2020-10-22	zalamero		no encontrado	sin candidato aceptable				
2023-11-14	zarata		no encontrado	sin candidato aceptable				
2020-02-14	zauria		no encontrado	sin candidato aceptable				
2020-10-20	zero		no encontrado	sin candidato aceptable				
2015-12-18	zonda folclore argentino		no encontrado	sin candidato aceptable				
2024-11-22	zoo sobreviure a l incendi		no encontrado	sin candidato aceptable				
